#
# There is insufficient memory for the Java Runtime Environment to continue.
# Native memory allocation (mmap) failed to map 65011712 bytes. Error detail: G1 virtual space
# Possible reasons:
#   The system is out of physical RAM or swap space
#   This process is running with CompressedOops enabled, and the Java Heap may be blocking the growth of the native heap
# Possible solutions:
#   Reduce memory load on the system
#   Increase physical memory or swap space
#   Check if swap backing store is full
#   Decrease Java heap size (-Xmx/-Xms)
#   Decrease number of Java threads
#   Decrease Java thread stack sizes (-Xss)
#   Set larger code cache with -XX:ReservedCodeCacheSize=
#   JVM is running with Zero Based Compressed Oops mode in which the Java heap is
#     placed in the first 32GB address space. The Java Heap base address is the
#     maximum limit for the native heap growth. Please use -XX:HeapBaseMinAddress
#     to set the Java Heap base and to place the Java Heap above 32GB virtual address.
# This output file may be truncated or incomplete.
#
#  Out of Memory Error (os_windows.cpp:3732), pid=11092, tid=12172
#
# JRE version: OpenJDK Runtime Environment Temurin-21.0.12.1+1 (21.0.12.1+1) (build 21.0.12.1+1-LTS)
# Java VM: OpenJDK 64-Bit Server VM Temurin-21.0.12.1+1 (21.0.12.1+1-LTS, mixed mode, sharing, tiered, compressed oops, compressed class ptrs, g1 gc, windows-amd64)
# No core dump will be written. Minidumps are not enabled by default on client versions of Windows
#

---------------  S U M M A R Y ------------

Command Line: --add-opens=java.base/java.lang=ALL-UNNAMED --add-opens=java.base/java.lang.invoke=ALL-UNNAMED --add-opens=java.base/java.util=ALL-UNNAMED --add-opens=java.prefs/java.util.prefs=ALL-UNNAMED --add-exports=jdk.compiler/com.sun.tools.javac.api=ALL-UNNAMED --add-exports=jdk.compiler/com.sun.tools.javac.util=ALL-UNNAMED --add-opens=java.base/java.util=ALL-UNNAMED --add-opens=java.prefs/java.util.prefs=ALL-UNNAMED --add-opens=java.base/java.nio.charset=ALL-UNNAMED --add-opens=java.base/java.net=ALL-UNNAMED --add-opens=java.base/java.util.concurrent=ALL-UNNAMED --add-opens=java.base/java.util.concurrent.atomic=ALL-UNNAMED --add-opens=java.xml/javax.xml.namespace=ALL-UNNAMED --add-opens=java.base/java.time=ALL-UNNAMED -Xmx4g -Dfile.encoding=UTF-8 -Duser.country=US -Duser.language=en -Duser.variant -javaagent:C:\Users\David Tembhare\.gradle\wrapper\dists\gradle-9.3.1-bin\23ovyewtku6u96viwx3xl3oks\gradle-9.3.1\lib\agents\gradle-instrumentation-agent-9.3.1.jar org.gradle.launcher.daemon.bootstrap.GradleDaemon 9.3.1

Host: 13th Gen Intel(R) Core(TM) i7-13620H, 16 cores, 15G,  Windows 11 , 64 bit Build 26100 (10.0.26100.9444)
Time: Sun Sep 20 01:38:40 2026 India Standard Time elapsed time: 31.862671 seconds (0d 0h 0m 31s)

---------------  T H R E A D  ---------------

Current thread (0x0000026a19e859f0):  VMThread "VM Thread"          [id=12172, stack(0x000000b0e2800000,0x000000b0e2900000) (1024K)]

Stack: [0x000000b0e2800000,0x000000b0e2900000]
Native frames: (J=compiled Java code, j=interpreted, Vv=VM code, C=native code)
V  [jvm.dll+0x6d83e9]
V  [jvm.dll+0x8b5736]
V  [jvm.dll+0x8b7cee]
V  [jvm.dll+0x8b83d3]
V  [jvm.dll+0x284596]
V  [jvm.dll+0x6d4d05]
V  [jvm.dll+0x6c898a]
V  [jvm.dll+0x35f2f8]
V  [jvm.dll+0x366f36]
V  [jvm.dll+0x3b804e]
V  [jvm.dll+0x3b82f8]
V  [jvm.dll+0x33320c]
V  [jvm.dll+0x335a59]
V  [jvm.dll+0x33fcb6]
V  [jvm.dll+0x3753df]
V  [jvm.dll+0x8be0c0]
V  [jvm.dll+0x8bf434]
V  [jvm.dll+0x8bf960]
V  [jvm.dll+0x8bfc03]
V  [jvm.dll+0x8600cd]
V  [jvm.dll+0x6d6c1d]
C  [ucrtbase.dll+0x2cd30]
C  [KERNEL32.DLL+0x2cd87]
C  [ntdll.dll+0xacaec]

VM_Operation (0x000000b0e23ff500): G1PauseRemark, mode: safepoint, requested by thread 0x0000026a7f92bcc0


---------------  P R O C E S S  ---------------

Threads class SMR info:
_java_thread_list=0x0000026a6306f3b0, length=86, elements={
0x0000026a7f8b5b30, 0x0000026a19ea65d0, 0x0000026a19ea7030, 0x0000026a19ea7a90,
0x0000026a19ea84f0, 0x0000026a19ea8f50, 0x0000026a19eac160, 0x0000026a19eaf7d0,
0x0000026a19eb4060, 0x0000026a19eb4730, 0x0000026a19eb7010, 0x0000026a1aeaaf70,
0x0000026a1ae899b0, 0x0000026a19eb54d0, 0x0000026a616fe620, 0x0000026a619bf2c0,
0x0000026a617d53d0, 0x0000026a61aabf90, 0x0000026a61ad0a40, 0x0000026a61920b60,
0x0000026a61cbe4e0, 0x0000026a61cbeb70, 0x0000026a61cbde50, 0x0000026a61cc0c40,
0x0000026a61cbf890, 0x0000026a61cc05b0, 0x0000026a61cc12d0, 0x0000026a656038f0,
0x0000026a65602bd0, 0x0000026a65606d70, 0x0000026a65603f80, 0x0000026a65606050,
0x0000026a65607a90, 0x0000026a65604610, 0x0000026a656087b0, 0x0000026a65608e40,
0x0000026a656059c0, 0x0000026a6374dff0, 0x0000026a6374d960, 0x0000026a6374bf20,
0x0000026a6374b890, 0x0000026a6374c5b0, 0x0000026a6374e680, 0x0000026a6374cc40,
0x0000026a631113b0, 0x0000026a63111a40, 0x0000026a63115550, 0x0000026a63115be0,
0x0000026a63112760, 0x0000026a667cdf70, 0x0000026a667ce600, 0x0000026a667cb180,
0x0000026a667cd8e0, 0x0000026a667cc530, 0x0000026a63118340, 0x0000026a667d0d60,
0x0000026a667d1a80, 0x0000026a63cecf30, 0x0000026a63ced5c0, 0x0000026a63cea140,
0x0000026a63cee2e0, 0x0000026a63cee970, 0x0000026a656094d0, 0x0000026a64e88930,
0x0000026a64e8b720, 0x0000026a64e8c440, 0x0000026a64e88fc0, 0x0000026a64e8b090,
0x0000026a64e8aa00, 0x0000026a64e8d7f0, 0x0000026a64e8a370, 0x0000026a64e8f8c0,
0x0000026a63cedc50, 0x0000026a63cef000, 0x0000026a64e8de80, 0x0000026a64e8eba0,
0x0000026a65604ca0, 0x0000026a63113b10, 0x0000026a64e8e510, 0x0000026a66d4eab0,
0x0000026a66d4b630, 0x0000026a66d4d700, 0x0000026a66d4bcc0, 0x0000026a66282e40,
0x0000026a66288000, 0x0000026a66f1b2f0
}

Java Threads: ( => current thread )
  0x0000026a7f8b5b30 JavaThread "main"                              [_thread_blocked, id=2900, stack(0x000000b0e2100000,0x000000b0e2200000) (1024K)]
  0x0000026a19ea65d0 JavaThread "Reference Handler"          daemon [_thread_blocked, id=26732, stack(0x000000b0e2900000,0x000000b0e2a00000) (1024K)]
  0x0000026a19ea7030 JavaThread "Finalizer"                  daemon [_thread_blocked, id=3244, stack(0x000000b0e2a00000,0x000000b0e2b00000) (1024K)]
  0x0000026a19ea7a90 JavaThread "Signal Dispatcher"          daemon [_thread_blocked, id=11196, stack(0x000000b0e2b00000,0x000000b0e2c00000) (1024K)]
  0x0000026a19ea84f0 JavaThread "Attach Listener"            daemon [_thread_blocked, id=30612, stack(0x000000b0e2c00000,0x000000b0e2d00000) (1024K)]
  0x0000026a19ea8f50 JavaThread "Service Thread"             daemon [_thread_blocked, id=29552, stack(0x000000b0e2d00000,0x000000b0e2e00000) (1024K)]
  0x0000026a19eac160 JavaThread "Monitor Deflation Thread"   daemon [_thread_blocked, id=16488, stack(0x000000b0e2e00000,0x000000b0e2f00000) (1024K)]
  0x0000026a19eaf7d0 JavaThread "C2 CompilerThread0"         daemon [_thread_blocked, id=25120, stack(0x000000b0e2f00000,0x000000b0e3000000) (1024K)]
  0x0000026a19eb4060 JavaThread "C1 CompilerThread0"         daemon [_thread_blocked, id=17612, stack(0x000000b0e3000000,0x000000b0e3100000) (1024K)]
  0x0000026a19eb4730 JavaThread "C1 CompilerThread1"         daemon [_thread_blocked, id=27524, stack(0x000000b0e3100000,0x000000b0e3200000) (1024K)]
  0x0000026a19eb7010 JavaThread "C1 CompilerThread2"         daemon [_thread_blocked, id=20568, stack(0x000000b0e3200000,0x000000b0e3300000) (1024K)]
  0x0000026a1aeaaf70 JavaThread "Common-Cleaner"             daemon [_thread_blocked, id=28664, stack(0x000000b0e3300000,0x000000b0e3400000) (1024K)]
  0x0000026a1ae899b0 JavaThread "Notification Thread"        daemon [_thread_blocked, id=6920, stack(0x000000b0e3400000,0x000000b0e3500000) (1024K)]
  0x0000026a19eb54d0 JavaThread "C1 CompilerThread3"         daemon [_thread_blocked, id=14260, stack(0x000000b0e3e00000,0x000000b0e3f00000) (1024K)]
  0x0000026a616fe620 JavaThread "Daemon health stats"               [_thread_blocked, id=30896, stack(0x000000b0e3f00000,0x000000b0e4000000) (1024K)]
  0x0000026a619bf2c0 JavaThread "Incoming local TCP Connector on port 56737"        [_thread_in_native, id=7792, stack(0x000000b0e4000000,0x000000b0e4100000) (1024K)]
  0x0000026a617d53d0 JavaThread "Daemon periodic checks"            [_thread_blocked, id=21560, stack(0x000000b0e4100000,0x000000b0e4200000) (1024K)]
  0x0000026a61aabf90 JavaThread "Daemon"                            [_thread_blocked, id=17060, stack(0x000000b0e4200000,0x000000b0e4300000) (1024K)]
  0x0000026a61ad0a40 JavaThread "Handler for socket connection from /127.0.0.1:56737 to /127.0.0.1:56738"        [_thread_in_native, id=26496, stack(0x000000b0e4300000,0x000000b0e4400000) (1024K)]
  0x0000026a61920b60 JavaThread "Cancel handler"                    [_thread_blocked, id=19688, stack(0x000000b0e4400000,0x000000b0e4500000) (1024K)]
  0x0000026a61cbe4e0 JavaThread "Daemon worker"                     [_thread_blocked, id=25088, stack(0x000000b0e4500000,0x000000b0e4600000) (1024K)]
  0x0000026a61cbeb70 JavaThread "Asynchronous log dispatcher for DefaultDaemonConnection: socket connection from /127.0.0.1:56737 to /127.0.0.1:56738"        [_thread_blocked, id=22728, stack(0x000000b0e4600000,0x000000b0e4700000) (1024K)]
  0x0000026a61cbde50 JavaThread "Stdin handler"                     [_thread_blocked, id=19900, stack(0x000000b0e4700000,0x000000b0e4800000) (1024K)]
  0x0000026a61cc0c40 JavaThread "Daemon client event forwarder"        [_thread_blocked, id=12452, stack(0x000000b0e4800000,0x000000b0e4900000) (1024K)]
  0x0000026a61cbf890 JavaThread "Cache worker for journal cache (C:\Users\David Tembhare\.gradle\caches\journal-1)"        [_thread_blocked, id=26420, stack(0x000000b0e4900000,0x000000b0e4a00000) (1024K)]
  0x0000026a61cc05b0 JavaThread "File lock request listener"        [_thread_blocked, id=27544, stack(0x000000b0e4a00000,0x000000b0e4b00000) (1024K)]
  0x0000026a61cc12d0 JavaThread "Cache worker for file hash cache (C:\Users\David Tembhare\.gradle\caches\9.3.1\fileHashes)"        [_thread_blocked, id=23420, stack(0x000000b0e4b00000,0x000000b0e4c00000) (1024K)]
  0x0000026a656038f0 JavaThread "Cache worker for file hash cache (C:\Users\David Tembhare\Desktop\PROJECT\madhu_sathi\app\.gradle\9.3.1\fileHashes)"        [_thread_blocked, id=31264, stack(0x000000b0e5500000,0x000000b0e5600000) (1024K)]
  0x0000026a65602bd0 JavaThread "Cache worker for Build Output Cleanup Cache (C:\Users\David Tembhare\Desktop\PROJECT\madhu_sathi\app\.gradle\buildOutputCleanup)"        [_thread_blocked, id=28780, stack(0x000000b0e5600000,0x000000b0e5700000) (1024K)]
  0x0000026a65606d70 JavaThread "File watcher server"        daemon [_thread_blocked, id=20172, stack(0x000000b0e5700000,0x000000b0e5800000) (1024K)]
  0x0000026a65603f80 JavaThread "File watcher consumer"      daemon [_thread_blocked, id=15664, stack(0x000000b0e5800000,0x000000b0e5900000) (1024K)]
  0x0000026a65606050 JavaThread "Cache worker for checksums cache (C:\Users\David Tembhare\Desktop\PROJECT\madhu_sathi\app\.gradle\9.3.1\checksums)"        [_thread_blocked, id=20352, stack(0x000000b0e5900000,0x000000b0e5a00000) (1024K)]
  0x0000026a65607a90 JavaThread "Cache worker for file content cache (C:\Users\David Tembhare\.gradle\caches\9.3.1\fileContent)"        [_thread_blocked, id=23848, stack(0x000000b0e5a00000,0x000000b0e5b00000) (1024K)]
  0x0000026a65604610 JavaThread "Cache worker for cache directory md-supplier (C:\Users\David Tembhare\.gradle\caches\9.3.1\md-supplier)"        [_thread_blocked, id=28868, stack(0x000000b0e5b00000,0x000000b0e5c00000) (1024K)]
  0x0000026a656087b0 JavaThread "Cache worker for cache directory md-rule (C:\Users\David Tembhare\.gradle\caches\9.3.1\md-rule)"        [_thread_blocked, id=14440, stack(0x000000b0e5c00000,0x000000b0e5d00000) (1024K)]
  0x0000026a65608e40 JavaThread "jar transforms"                    [_thread_blocked, id=1268, stack(0x000000b0e5d00000,0x000000b0e5e00000) (1024K)]
  0x0000026a656059c0 JavaThread "jar transforms Thread 2"           [_thread_blocked, id=21844, stack(0x000000b0e5e00000,0x000000b0e5f00000) (1024K)]
  0x0000026a6374dff0 JavaThread "jar transforms Thread 3"           [_thread_blocked, id=21912, stack(0x000000b0e6000000,0x000000b0e6100000) (1024K)]
  0x0000026a6374d960 JavaThread "Unconstrained build operations"        [_thread_blocked, id=30076, stack(0x000000b0e5f00000,0x000000b0e6000000) (1024K)]
  0x0000026a6374bf20 JavaThread "Unconstrained build operations Thread 2"        [_thread_blocked, id=11400, stack(0x000000b0e6100000,0x000000b0e6200000) (1024K)]
  0x0000026a6374b890 JavaThread "jar transforms Thread 4"           [_thread_blocked, id=28688, stack(0x000000b0e6200000,0x000000b0e6300000) (1024K)]
  0x0000026a6374c5b0 JavaThread "jar transforms Thread 5"           [_thread_blocked, id=31416, stack(0x000000b0e6300000,0x000000b0e6400000) (1024K)]
  0x0000026a6374e680 JavaThread "Unconstrained build operations Thread 3"        [_thread_blocked, id=21244, stack(0x000000b0e6400000,0x000000b0e6500000) (1024K)]
  0x0000026a6374cc40 JavaThread "jar transforms Thread 6"           [_thread_blocked, id=19532, stack(0x000000b0e6500000,0x000000b0e6600000) (1024K)]
  0x0000026a631113b0 JavaThread "jar transforms Thread 7"           [_thread_blocked, id=27356, stack(0x000000b0e6600000,0x000000b0e6700000) (1024K)]
  0x0000026a63111a40 JavaThread "jar transforms Thread 8"           [_thread_blocked, id=29784, stack(0x000000b0e6700000,0x000000b0e6800000) (1024K)]
  0x0000026a63115550 JavaThread "Unconstrained build operations Thread 4"        [_thread_blocked, id=12928, stack(0x000000b0e6800000,0x000000b0e6900000) (1024K)]
  0x0000026a63115be0 JavaThread "Unconstrained build operations Thread 5"        [_thread_blocked, id=22484, stack(0x000000b0e6900000,0x000000b0e6a00000) (1024K)]
  0x0000026a63112760 JavaThread "Unconstrained build operations Thread 6"        [_thread_blocked, id=23756, stack(0x000000b0e6a00000,0x000000b0e6b00000) (1024K)]
  0x0000026a667cdf70 JavaThread "Unconstrained build operations Thread 7"        [_thread_blocked, id=20268, stack(0x000000b0e6b00000,0x000000b0e6c00000) (1024K)]
  0x0000026a667ce600 JavaThread "Unconstrained build operations Thread 8"        [_thread_blocked, id=25024, stack(0x000000b0e6c00000,0x000000b0e6d00000) (1024K)]
  0x0000026a667cb180 JavaThread "Unconstrained build operations Thread 9"        [_thread_blocked, id=22276, stack(0x000000b0e6d00000,0x000000b0e6e00000) (1024K)]
  0x0000026a667cd8e0 JavaThread "build event listener"              [_thread_blocked, id=23260, stack(0x000000b0e3d00000,0x000000b0e3e00000) (1024K)]
  0x0000026a667cc530 JavaThread "Memory manager"                    [_thread_blocked, id=13708, stack(0x000000b0e6e00000,0x000000b0e6f00000) (1024K)]
  0x0000026a63118340 JavaThread "build event listener"              [_thread_blocked, id=18024, stack(0x000000b0e3c00000,0x000000b0e3d00000) (1024K)]
  0x0000026a667d0d60 JavaThread "ForkJoinPool.commonPool-worker-1" daemon [_thread_blocked, id=3600, stack(0x000000b0e7100000,0x000000b0e7200000) (1024K)]
  0x0000026a667d1a80 JavaThread "ForkJoinPool.commonPool-worker-2" daemon [_thread_blocked, id=19684, stack(0x000000b0e7200000,0x000000b0e7300000) (1024K)]
  0x0000026a63cecf30 JavaThread "ForkJoinPool.commonPool-worker-3" daemon [_thread_blocked, id=11276, stack(0x000000b0e7300000,0x000000b0e7400000) (1024K)]
  0x0000026a63ced5c0 JavaThread "ForkJoinPool.commonPool-worker-4" daemon [_thread_blocked, id=25788, stack(0x000000b0e7400000,0x000000b0e7500000) (1024K)]
  0x0000026a63cea140 JavaThread "ForkJoinPool.commonPool-worker-5" daemon [_thread_blocked, id=23592, stack(0x000000b0e7500000,0x000000b0e7600000) (1024K)]
  0x0000026a63cee2e0 JavaThread "ForkJoinPool.commonPool-worker-6" daemon [_thread_blocked, id=21616, stack(0x000000b0e7600000,0x000000b0e7700000) (1024K)]
  0x0000026a63cee970 JavaThread "ForkJoinPool.commonPool-worker-7" daemon [_thread_blocked, id=27592, stack(0x000000b0e7700000,0x000000b0e7800000) (1024K)]
  0x0000026a656094d0 JavaThread "ForkJoinPool.commonPool-worker-8" daemon [_thread_blocked, id=17916, stack(0x000000b0e7800000,0x000000b0e7900000) (1024K)]
  0x0000026a64e88930 JavaThread "ForkJoinPool.commonPool-worker-9" daemon [_thread_blocked, id=4420, stack(0x000000b0e7900000,0x000000b0e7a00000) (1024K)]
  0x0000026a64e8b720 JavaThread "Exec process"                      [_thread_blocked, id=15428, stack(0x000000b0e7a00000,0x000000b0e7b00000) (1024K)]
  0x0000026a64e8c440 JavaThread "Exec process Thread 2"             [_thread_blocked, id=7404, stack(0x000000b0e7b00000,0x000000b0e7c00000) (1024K)]
  0x0000026a64e88fc0 JavaThread "Exec process Thread 3"             [_thread_blocked, id=18788, stack(0x000000b0e7c00000,0x000000b0e7d00000) (1024K)]
  0x0000026a64e8b090 JavaThread "included builds"                   [_thread_blocked, id=27820, stack(0x000000b0e7000000,0x000000b0e7100000) (1024K)]
  0x0000026a64e8aa00 JavaThread "Execution worker"                  [_thread_blocked, id=24504, stack(0x000000b0e7d00000,0x000000b0e7e00000) (1024K)]
  0x0000026a64e8d7f0 JavaThread "Cache worker for execution history cache (C:\Users\David Tembhare\Desktop\PROJECT\madhu_sathi\app\.gradle\9.3.1\executionHistory)"        [_thread_blocked, id=25784, stack(0x000000b0e7e00000,0x000000b0e7f00000) (1024K)]
  0x0000026a64e8a370 JavaThread "Unconstrained build operations Thread 10"        [_thread_blocked, id=24228, stack(0x000000b0e7f00000,0x000000b0e8000000) (1024K)]
  0x0000026a64e8f8c0 JavaThread "Unconstrained build operations Thread 11"        [_thread_blocked, id=29768, stack(0x000000b0e6f00000,0x000000b0e7000000) (1024K)]
  0x0000026a63cedc50 JavaThread "Unconstrained build operations Thread 12"        [_thread_blocked, id=11772, stack(0x000000b0e8100000,0x000000b0e8200000) (1024K)]
  0x0000026a63cef000 JavaThread "Unconstrained build operations Thread 13"        [_thread_blocked, id=24944, stack(0x000000b0e8200000,0x000000b0e8300000) (1024K)]
  0x0000026a64e8de80 JavaThread "Unconstrained build operations Thread 14"        [_thread_blocked, id=23024, stack(0x000000b0e8300000,0x000000b0e8400000) (1024K)]
  0x0000026a64e8eba0 JavaThread "Unconstrained build operations Thread 15"        [_thread_blocked, id=28940, stack(0x000000b0e8400000,0x000000b0e8500000) (1024K)]
  0x0000026a65604ca0 JavaThread "Unconstrained build operations Thread 16"        [_thread_blocked, id=30440, stack(0x000000b0e8500000,0x000000b0e8600000) (1024K)]
  0x0000026a63113b10 JavaThread "Unconstrained build operations Thread 17"        [_thread_blocked, id=22904, stack(0x000000b0e8600000,0x000000b0e8700000) (1024K)]
  0x0000026a64e8e510 JavaThread "Unconstrained build operations Thread 18"        [_thread_blocked, id=12560, stack(0x000000b0e8000000,0x000000b0e8100000) (1024K)]
  0x0000026a66d4eab0 JavaThread "WorkerExecutor Queue"              [_thread_blocked, id=23028, stack(0x000000b0e8800000,0x000000b0e8900000) (1024K)]
  0x0000026a66d4b630 JavaThread "pool-2-thread-1"                   [_thread_blocked, id=5496, stack(0x000000b0e8900000,0x000000b0e8a00000) (1024K)]
  0x0000026a66d4d700 JavaThread "Unconstrained build operations Thread 19"        [_thread_blocked, id=16804, stack(0x000000b0e8a00000,0x000000b0e8b00000) (1024K)]
  0x0000026a66d4bcc0 JavaThread "Unconstrained build operations Thread 20"        [_thread_blocked, id=25564, stack(0x000000b0e8b00000,0x000000b0e8c00000) (1024K)]
  0x0000026a66282e40 JavaThread "C2 CompilerThread1"         daemon [_thread_blocked, id=1612, stack(0x000000b0e3500000,0x000000b0e3600000) (1024K)]
  0x0000026a66288000 JavaThread "C2 CompilerThread2"         daemon [_thread_blocked, id=22080, stack(0x000000b0e3b00000,0x000000b0e3c00000) (1024K)]
  0x0000026a66f1b2f0 JavaThread "File lock release action executor"        [_thread_blocked, id=18620, stack(0x000000b0e8700000,0x000000b0e8800000) (1024K)]
Total: 86

Other Threads:
=>0x0000026a19e859f0 VMThread "VM Thread"                           [id=12172, stack(0x000000b0e2800000,0x000000b0e2900000) (1024K)]
  0x0000026a19e726a0 WatcherThread "VM Periodic Task Thread"        [id=23328, stack(0x000000b0e2700000,0x000000b0e2800000) (1024K)]
  0x0000026a7f91ec70 WorkerThread "GC Thread#0"                     [id=17076, stack(0x000000b0e2200000,0x000000b0e2300000) (1024K)]
  0x0000026a1af52ad0 WorkerThread "GC Thread#1"                     [id=29400, stack(0x000000b0e3600000,0x000000b0e3700000) (1024K)]
  0x0000026a1af52e80 WorkerThread "GC Thread#2"                     [id=972, stack(0x000000b0e3700000,0x000000b0e3800000) (1024K)]
  0x0000026a6017e900 WorkerThread "GC Thread#3"                     [id=11868, stack(0x000000b0e3800000,0x000000b0e3900000) (1024K)]
  0x0000026a1af8c3f0 WorkerThread "GC Thread#4"                     [id=29364, stack(0x000000b0e3900000,0x000000b0e3a00000) (1024K)]
  0x0000026a1af8da10 WorkerThread "GC Thread#5"                     [id=30216, stack(0x000000b0e3a00000,0x000000b0e3b00000) (1024K)]
  0x0000026a61aa7230 WorkerThread "GC Thread#6"                     [id=28548, stack(0x000000b0e4c00000,0x000000b0e4d00000) (1024K)]
  0x0000026a61aa9710 WorkerThread "GC Thread#7"                     [id=27572, stack(0x000000b0e4d00000,0x000000b0e4e00000) (1024K)]
  0x0000026a61aa75e0 WorkerThread "GC Thread#8"                     [id=28172, stack(0x000000b0e4e00000,0x000000b0e4f00000) (1024K)]
  0x0000026a61aa8fb0 WorkerThread "GC Thread#9"                     [id=16992, stack(0x000000b0e4f00000,0x000000b0e5000000) (1024K)]
  0x0000026a61aa6ad0 WorkerThread "GC Thread#10"                    [id=13020, stack(0x000000b0e5000000,0x000000b0e5100000) (1024K)]
  0x0000026a61aa7990 WorkerThread "GC Thread#11"                    [id=15292, stack(0x000000b0e5100000,0x000000b0e5200000) (1024K)]
  0x0000026a61aa6e80 WorkerThread "GC Thread#12"                    [id=31252, stack(0x000000b0e5200000,0x000000b0e5300000) (1024K)]
  0x0000026a7f92bcc0 ConcurrentGCThread "G1 Main Marker"            [id=16444, stack(0x000000b0e2300000,0x000000b0e2400000) (1024K)]
  0x0000026a7f92d490 WorkerThread "G1 Conc#0"                       [id=29416, stack(0x000000b0e2400000,0x000000b0e2500000) (1024K)]
  0x0000026a61aa7d40 WorkerThread "G1 Conc#1"                       [id=27300, stack(0x000000b0e5300000,0x000000b0e5400000) (1024K)]
  0x0000026a61aa80f0 WorkerThread "G1 Conc#2"                       [id=7392, stack(0x000000b0e5400000,0x000000b0e5500000) (1024K)]
  0x0000026a19d44080 ConcurrentGCThread "G1 Refine#0"               [id=19792, stack(0x000000b0e2500000,0x000000b0e2600000) (1024K)]
  0x0000026a19d449b0 ConcurrentGCThread "G1 Service"                [id=8256, stack(0x000000b0e2600000,0x000000b0e2700000) (1024K)]
Total: 21

Threads with active compile tasks:
C2 CompilerThread0  31881 35586       4       org.jetbrains.kotlin.fir.scopes.impl.AbstractFirUseSiteMemberScope::collectFunctionsFromSupertypes (67 bytes)
C2 CompilerThread1  31881 35561       4       org.jetbrains.kotlin.fir.java.scopes.JavaClassStaticUseSiteScope::computeProperties (94 bytes)
C2 CompilerThread2  31881 35552       4       org.jetbrains.kotlin.fir.java.JavaTypeConversionKt::toConeTypeProjection (1054 bytes)
Total: 3

VM state: at safepoint (normal execution)

VM Mutex/Monitor currently owned by a thread:  ([mutex/lock_event])
[0x00007ff8c96af5b0] Threads_lock - owner thread: 0x0000026a19e859f0
[0x00007ff8c96af6b0] Heap_lock - owner thread: 0x0000026a7f92bcc0

Heap address: 0x0000000700000000, size: 4096 MB, Compressed Oops mode: Zero based, Oop shift amount: 3

CDS archive(s) mapped at: [0x0000026a1b000000-0x0000026a1bba0000-0x0000026a1bba0000), size 12189696, SharedBaseAddress: 0x0000026a1b000000, ArchiveRelocationMode: 1.
Compressed class space mapped at: 0x0000026a1c000000-0x0000026a5c000000, reserved size: 1073741824
Narrow klass base: 0x0000026a1b000000, Narrow klass shift: 0, Narrow klass range: 0x100000000

GC Precious Log:
 CardTable entry size: 512
 Card Set container configuration: InlinePtr #cards 4 size 8 Array Of Cards #cards 16 size 48 Howl #buckets 8 coarsen threshold 3686 Howl Bitmap #cards 512 size 80 coarsen threshold 460 Card regions per heap region 1 cards per card region 4096
 CPUs: 16 total, 16 available
 Memory: 16087M
 Large Page Support: Disabled
 NUMA Support: Disabled
 Compressed Oops: Enabled (Zero based)
 Heap Region Size: 2M
 Heap Min Capacity: 8M
 Heap Initial Capacity: 252M
 Heap Max Capacity: 4G
 Pre-touch: Disabled
 Parallel Workers: 13
 Concurrent Workers: 3
 Concurrent Refinement Workers: 13
 Periodic GC: Disabled

Heap:
 garbage-first heap   total 561152K, used 382706K [0x0000000700000000, 0x0000000800000000)
  region size 2048K, 12 young (24576K), 7 survivors (14336K)
 Metaspace       used 179964K, committed 182720K, reserved 1245184K
  class space    used 22833K, committed 24192K, reserved 1048576K

Heap Regions: E=young(eden), S=young(survivor), O=old, HS=humongous(starts), HC=humongous(continues), CS=collection set, F=free, TAMS=top-at-mark-start, PB=parsable bottom
|   0|0x0000000700000000, 0x0000000700200000, 0x0000000700200000|100%|HS|  |TAMS 0x0000000700200000| PB 0x0000000700000000| Complete 
|   1|0x0000000700200000, 0x0000000700400000, 0x0000000700400000|100%|HC|  |TAMS 0x0000000700400000| PB 0x0000000700200000| Complete 
|   2|0x0000000700400000, 0x0000000700600000, 0x0000000700600000|100%| O|  |TAMS 0x0000000700600000| PB 0x0000000700600000| Updating 
|   3|0x0000000700600000, 0x0000000700800000, 0x0000000700800000|100%|HS|  |TAMS 0x0000000700800000| PB 0x0000000700600000| Complete 
|   4|0x0000000700800000, 0x0000000700a00000, 0x0000000700a00000|100%| O|  |TAMS 0x0000000700a00000| PB 0x0000000700a00000| Untracked 
|   5|0x0000000700a00000, 0x0000000700c00000, 0x0000000700c00000|100%| O|  |TAMS 0x0000000700c00000| PB 0x0000000700c00000| Untracked 
|   6|0x0000000700c00000, 0x0000000700e00000, 0x0000000700e00000|100%| O|  |TAMS 0x0000000700e00000| PB 0x0000000700e00000| Untracked 
|   7|0x0000000700e00000, 0x0000000701000000, 0x0000000701000000|100%| O|  |TAMS 0x0000000701000000| PB 0x0000000701000000| Untracked 
|   8|0x0000000701000000, 0x0000000701200000, 0x0000000701200000|100%| O|  |TAMS 0x0000000701200000| PB 0x0000000701200000| Untracked 
|   9|0x0000000701200000, 0x0000000701400000, 0x0000000701400000|100%| O|  |TAMS 0x0000000701400000| PB 0x0000000701400000| Untracked 
|  10|0x0000000701400000, 0x0000000701600000, 0x0000000701600000|100%| O|  |TAMS 0x0000000701600000| PB 0x0000000701600000| Untracked 
|  11|0x0000000701600000, 0x0000000701800000, 0x0000000701800000|100%| O|  |TAMS 0x0000000701800000| PB 0x0000000701800000| Untracked 
|  12|0x0000000701800000, 0x0000000701a00000, 0x0000000701a00000|100%|HS|  |TAMS 0x0000000701a00000| PB 0x0000000701800000| Complete 
|  13|0x0000000701a00000, 0x0000000701c00000, 0x0000000701c00000|100%| O|  |TAMS 0x0000000701c00000| PB 0x0000000701c00000| Untracked 
|  14|0x0000000701c00000, 0x0000000701e00000, 0x0000000701e00000|100%|HS|  |TAMS 0x0000000701e00000| PB 0x0000000701c00000| Complete 
|  15|0x0000000701e00000, 0x0000000702000000, 0x0000000702000000|100%| O|  |TAMS 0x0000000702000000| PB 0x0000000702000000| Untracked 
|  16|0x0000000702000000, 0x0000000702200000, 0x0000000702200000|100%| O|  |TAMS 0x0000000702200000| PB 0x0000000702200000| Untracked 
|  17|0x0000000702200000, 0x0000000702400000, 0x0000000702400000|100%| O|  |TAMS 0x0000000702400000| PB 0x0000000702400000| Untracked 
|  18|0x0000000702400000, 0x0000000702600000, 0x0000000702600000|100%| O|  |TAMS 0x0000000702600000| PB 0x0000000702600000| Untracked 
|  19|0x0000000702600000, 0x0000000702800000, 0x0000000702800000|100%| O|  |TAMS 0x0000000702800000| PB 0x0000000702800000| Untracked 
|  20|0x0000000702800000, 0x0000000702a00000, 0x0000000702a00000|100%| O|  |TAMS 0x0000000702a00000| PB 0x0000000702a00000| Untracked 
|  21|0x0000000702a00000, 0x0000000702c00000, 0x0000000702c00000|100%| O|  |TAMS 0x0000000702c00000| PB 0x0000000702c00000| Untracked 
|  22|0x0000000702c00000, 0x0000000702e00000, 0x0000000702e00000|100%| O|  |TAMS 0x0000000702e00000| PB 0x0000000702e00000| Untracked 
|  23|0x0000000702e00000, 0x0000000703000000, 0x0000000703000000|100%| O|  |TAMS 0x0000000703000000| PB 0x0000000703000000| Untracked 
|  24|0x0000000703000000, 0x0000000703200000, 0x0000000703200000|100%| O|  |TAMS 0x0000000703200000| PB 0x0000000703200000| Untracked 
|  25|0x0000000703200000, 0x0000000703400000, 0x0000000703400000|100%| O|  |TAMS 0x0000000703400000| PB 0x0000000703400000| Untracked 
|  26|0x0000000703400000, 0x0000000703600000, 0x0000000703600000|100%| O|  |TAMS 0x0000000703600000| PB 0x0000000703600000| Untracked 
|  27|0x0000000703600000, 0x0000000703800000, 0x0000000703800000|100%| O|  |TAMS 0x0000000703800000| PB 0x0000000703800000| Updating 
|  28|0x0000000703800000, 0x0000000703a00000, 0x0000000703a00000|100%| O|  |TAMS 0x0000000703a00000| PB 0x0000000703a00000| Untracked 
|  29|0x0000000703a00000, 0x0000000703c00000, 0x0000000703c00000|100%| O|  |TAMS 0x0000000703c00000| PB 0x0000000703c00000| Updating 
|  30|0x0000000703c00000, 0x0000000703e00000, 0x0000000703e00000|100%| O|  |TAMS 0x0000000703e00000| PB 0x0000000703e00000| Untracked 
|  31|0x0000000703e00000, 0x0000000704000000, 0x0000000704000000|100%| O|  |TAMS 0x0000000704000000| PB 0x0000000704000000| Untracked 
|  32|0x0000000704000000, 0x0000000704200000, 0x0000000704200000|100%| O|  |TAMS 0x0000000704200000| PB 0x0000000704200000| Updating 
|  33|0x0000000704200000, 0x0000000704400000, 0x0000000704400000|100%| O|  |TAMS 0x0000000704400000| PB 0x0000000704400000| Untracked 
|  34|0x0000000704400000, 0x0000000704600000, 0x0000000704600000|100%| O|  |TAMS 0x0000000704600000| PB 0x0000000704600000| Untracked 
|  35|0x0000000704600000, 0x0000000704800000, 0x0000000704800000|100%| O|  |TAMS 0x0000000704800000| PB 0x0000000704800000| Untracked 
|  36|0x0000000704800000, 0x0000000704a00000, 0x0000000704a00000|100%| O|  |TAMS 0x0000000704a00000| PB 0x0000000704a00000| Untracked 
|  37|0x0000000704a00000, 0x0000000704c00000, 0x0000000704c00000|100%| O|  |TAMS 0x0000000704c00000| PB 0x0000000704c00000| Untracked 
|  38|0x0000000704c00000, 0x0000000704e00000, 0x0000000704e00000|100%| O|  |TAMS 0x0000000704e00000| PB 0x0000000704e00000| Updating 
|  39|0x0000000704e00000, 0x0000000705000000, 0x0000000705000000|100%| O|  |TAMS 0x0000000705000000| PB 0x0000000705000000| Untracked 
|  40|0x0000000705000000, 0x0000000705200000, 0x0000000705200000|100%| O|  |TAMS 0x0000000705200000| PB 0x0000000705200000| Untracked 
|  41|0x0000000705200000, 0x0000000705400000, 0x0000000705400000|100%| O|  |TAMS 0x0000000705400000| PB 0x0000000705400000| Untracked 
|  42|0x0000000705400000, 0x0000000705600000, 0x0000000705600000|100%| O|  |TAMS 0x0000000705600000| PB 0x0000000705600000| Untracked 
|  43|0x0000000705600000, 0x0000000705800000, 0x0000000705800000|100%| O|  |TAMS 0x0000000705800000| PB 0x0000000705800000| Untracked 
|  44|0x0000000705800000, 0x0000000705a00000, 0x0000000705a00000|100%| O|  |TAMS 0x0000000705a00000| PB 0x0000000705a00000| Updating 
|  45|0x0000000705a00000, 0x0000000705c00000, 0x0000000705c00000|100%|HS|  |TAMS 0x0000000705c00000| PB 0x0000000705a00000| Complete 
|  46|0x0000000705c00000, 0x0000000705e00000, 0x0000000705e00000|100%|HC|  |TAMS 0x0000000705e00000| PB 0x0000000705c00000| Complete 
|  47|0x0000000705e00000, 0x0000000706000000, 0x0000000706000000|100%| O|  |TAMS 0x0000000706000000| PB 0x0000000706000000| Untracked 
|  48|0x0000000706000000, 0x0000000706200000, 0x0000000706200000|100%| O|  |TAMS 0x0000000706200000| PB 0x0000000706200000| Untracked 
|  49|0x0000000706200000, 0x0000000706400000, 0x0000000706400000|100%| O|  |TAMS 0x0000000706400000| PB 0x0000000706400000| Untracked 
|  50|0x0000000706400000, 0x0000000706600000, 0x0000000706600000|100%| O|  |TAMS 0x0000000706600000| PB 0x0000000706600000| Untracked 
|  51|0x0000000706600000, 0x0000000706800000, 0x0000000706800000|100%| O|  |TAMS 0x0000000706800000| PB 0x0000000706800000| Updating 
|  52|0x0000000706800000, 0x0000000706a00000, 0x0000000706a00000|100%| O|  |TAMS 0x0000000706a00000| PB 0x0000000706a00000| Untracked 
|  53|0x0000000706a00000, 0x0000000706c00000, 0x0000000706c00000|100%| O|  |TAMS 0x0000000706c00000| PB 0x0000000706c00000| Untracked 
|  54|0x0000000706c00000, 0x0000000706e00000, 0x0000000706e00000|100%| O|  |TAMS 0x0000000706e00000| PB 0x0000000706e00000| Updating 
|  55|0x0000000706e00000, 0x0000000707000000, 0x0000000707000000|100%| O|  |TAMS 0x0000000707000000| PB 0x0000000707000000| Untracked 
|  56|0x0000000707000000, 0x0000000707200000, 0x0000000707200000|100%| O|  |TAMS 0x0000000707200000| PB 0x0000000707200000| Untracked 
|  57|0x0000000707200000, 0x0000000707400000, 0x0000000707400000|100%| O|  |TAMS 0x0000000707400000| PB 0x0000000707400000| Untracked 
|  58|0x0000000707400000, 0x0000000707600000, 0x0000000707600000|100%| O|  |TAMS 0x0000000707600000| PB 0x0000000707600000| Untracked 
|  59|0x0000000707600000, 0x0000000707800000, 0x0000000707800000|100%| O|  |TAMS 0x0000000707800000| PB 0x0000000707800000| Untracked 
|  60|0x0000000707800000, 0x0000000707a00000, 0x0000000707a00000|100%| O|  |TAMS 0x0000000707a00000| PB 0x0000000707a00000| Untracked 
|  61|0x0000000707a00000, 0x0000000707c00000, 0x0000000707c00000|100%| O|  |TAMS 0x0000000707c00000| PB 0x0000000707c00000| Updating 
|  62|0x0000000707c00000, 0x0000000707e00000, 0x0000000707e00000|100%| O|  |TAMS 0x0000000707e00000| PB 0x0000000707e00000| Untracked 
|  63|0x0000000707e00000, 0x0000000708000000, 0x0000000708000000|100%| O|  |TAMS 0x0000000708000000| PB 0x0000000708000000| Untracked 
|  64|0x0000000708000000, 0x0000000708200000, 0x0000000708200000|100%| O|  |TAMS 0x0000000708200000| PB 0x0000000708200000| Untracked 
|  65|0x0000000708200000, 0x0000000708400000, 0x0000000708400000|100%| O|  |TAMS 0x0000000708400000| PB 0x0000000708400000| Untracked 
|  66|0x0000000708400000, 0x0000000708600000, 0x0000000708600000|100%| O|  |TAMS 0x0000000708600000| PB 0x0000000708600000| Untracked 
|  67|0x0000000708600000, 0x0000000708800000, 0x0000000708800000|100%| O|  |TAMS 0x0000000708800000| PB 0x0000000708800000| Untracked 
|  68|0x0000000708800000, 0x0000000708a00000, 0x0000000708a00000|100%| O|  |TAMS 0x0000000708a00000| PB 0x0000000708a00000| Untracked 
|  69|0x0000000708a00000, 0x0000000708c00000, 0x0000000708c00000|100%| O|  |TAMS 0x0000000708c00000| PB 0x0000000708c00000| Untracked 
|  70|0x0000000708c00000, 0x0000000708e00000, 0x0000000708e00000|100%| O|  |TAMS 0x0000000708e00000| PB 0x0000000708e00000| Updating 
|  71|0x0000000708e00000, 0x0000000709000000, 0x0000000709000000|100%| O|  |TAMS 0x0000000709000000| PB 0x0000000709000000| Untracked 
|  72|0x0000000709000000, 0x0000000709200000, 0x0000000709200000|100%| O|  |TAMS 0x0000000709200000| PB 0x0000000709200000| Untracked 
|  73|0x0000000709200000, 0x0000000709400000, 0x0000000709400000|100%| O|  |TAMS 0x0000000709400000| PB 0x0000000709400000| Untracked 
|  74|0x0000000709400000, 0x0000000709600000, 0x0000000709600000|100%| O|  |TAMS 0x0000000709600000| PB 0x0000000709600000| Untracked 
|  75|0x0000000709600000, 0x0000000709800000, 0x0000000709800000|100%| O|  |TAMS 0x0000000709800000| PB 0x0000000709800000| Untracked 
|  76|0x0000000709800000, 0x0000000709a00000, 0x0000000709a00000|100%| O|  |TAMS 0x0000000709a00000| PB 0x0000000709a00000| Untracked 
|  77|0x0000000709a00000, 0x0000000709c00000, 0x0000000709c00000|100%| O|  |TAMS 0x0000000709c00000| PB 0x0000000709c00000| Updating 
|  78|0x0000000709c00000, 0x0000000709e00000, 0x0000000709e00000|100%| O|  |TAMS 0x0000000709e00000| PB 0x0000000709e00000| Untracked 
|  79|0x0000000709e00000, 0x000000070a000000, 0x000000070a000000|100%| O|  |TAMS 0x000000070a000000| PB 0x000000070a000000| Untracked 
|  80|0x000000070a000000, 0x000000070a200000, 0x000000070a200000|100%| O|  |TAMS 0x000000070a200000| PB 0x000000070a200000| Untracked 
|  81|0x000000070a200000, 0x000000070a400000, 0x000000070a400000|100%| O|  |TAMS 0x000000070a400000| PB 0x000000070a400000| Untracked 
|  82|0x000000070a400000, 0x000000070a600000, 0x000000070a600000|100%| O|  |TAMS 0x000000070a600000| PB 0x000000070a600000| Untracked 
|  83|0x000000070a600000, 0x000000070a800000, 0x000000070a800000|100%| O|  |TAMS 0x000000070a800000| PB 0x000000070a800000| Untracked 
|  84|0x000000070a800000, 0x000000070aa00000, 0x000000070aa00000|100%| O|  |TAMS 0x000000070aa00000| PB 0x000000070aa00000| Untracked 
|  85|0x000000070aa00000, 0x000000070ac00000, 0x000000070ac00000|100%| O|  |TAMS 0x000000070ac00000| PB 0x000000070ac00000| Untracked 
|  86|0x000000070ac00000, 0x000000070ae00000, 0x000000070ae00000|100%| O|  |TAMS 0x000000070ae00000| PB 0x000000070ae00000| Untracked 
|  87|0x000000070ae00000, 0x000000070b000000, 0x000000070b000000|100%| O|  |TAMS 0x000000070b000000| PB 0x000000070b000000| Untracked 
|  88|0x000000070b000000, 0x000000070b200000, 0x000000070b200000|100%| O|  |TAMS 0x000000070b200000| PB 0x000000070b200000| Untracked 
|  89|0x000000070b200000, 0x000000070b400000, 0x000000070b400000|100%| O|  |TAMS 0x000000070b400000| PB 0x000000070b400000| Untracked 
|  90|0x000000070b400000, 0x000000070b600000, 0x000000070b600000|100%| O|  |TAMS 0x000000070b600000| PB 0x000000070b600000| Untracked 
|  91|0x000000070b600000, 0x000000070b800000, 0x000000070b800000|100%| O|  |TAMS 0x000000070b800000| PB 0x000000070b800000| Untracked 
|  92|0x000000070b800000, 0x000000070ba00000, 0x000000070ba00000|100%| O|  |TAMS 0x000000070ba00000| PB 0x000000070ba00000| Untracked 
|  93|0x000000070ba00000, 0x000000070bc00000, 0x000000070bc00000|100%| O|  |TAMS 0x000000070bc00000| PB 0x000000070bc00000| Untracked 
|  94|0x000000070bc00000, 0x000000070be00000, 0x000000070be00000|100%| O|  |TAMS 0x000000070be00000| PB 0x000000070be00000| Untracked 
|  95|0x000000070be00000, 0x000000070c000000, 0x000000070c000000|100%| O|  |TAMS 0x000000070c000000| PB 0x000000070c000000| Untracked 
|  96|0x000000070c000000, 0x000000070c200000, 0x000000070c200000|100%| O|  |TAMS 0x000000070c200000| PB 0x000000070c200000| Untracked 
|  97|0x000000070c200000, 0x000000070c400000, 0x000000070c400000|100%| O|  |TAMS 0x000000070c400000| PB 0x000000070c400000| Untracked 
|  98|0x000000070c400000, 0x000000070c600000, 0x000000070c600000|100%| O|  |TAMS 0x000000070c600000| PB 0x000000070c600000| Updating 
|  99|0x000000070c600000, 0x000000070c800000, 0x000000070c800000|100%| O|  |TAMS 0x000000070c800000| PB 0x000000070c800000| Untracked 
| 100|0x000000070c800000, 0x000000070ca00000, 0x000000070ca00000|100%| O|  |TAMS 0x000000070ca00000| PB 0x000000070ca00000| Untracked 
| 101|0x000000070ca00000, 0x000000070cc00000, 0x000000070cc00000|100%| O|  |TAMS 0x000000070cc00000| PB 0x000000070cc00000| Untracked 
| 102|0x000000070cc00000, 0x000000070ce00000, 0x000000070ce00000|100%| O|  |TAMS 0x000000070ce00000| PB 0x000000070ce00000| Untracked 
| 103|0x000000070ce00000, 0x000000070d000000, 0x000000070d000000|100%| O|  |TAMS 0x000000070d000000| PB 0x000000070d000000| Untracked 
| 104|0x000000070d000000, 0x000000070d200000, 0x000000070d200000|100%| O|  |TAMS 0x000000070d200000| PB 0x000000070d200000| Untracked 
| 105|0x000000070d200000, 0x000000070d400000, 0x000000070d400000|100%| O|  |TAMS 0x000000070d400000| PB 0x000000070d400000| Untracked 
| 106|0x000000070d400000, 0x000000070d600000, 0x000000070d600000|100%| O|  |TAMS 0x000000070d600000| PB 0x000000070d600000| Untracked 
| 107|0x000000070d600000, 0x000000070d800000, 0x000000070d800000|100%| O|  |TAMS 0x000000070d800000| PB 0x000000070d800000| Untracked 
| 108|0x000000070d800000, 0x000000070da00000, 0x000000070da00000|100%| O|  |TAMS 0x000000070da00000| PB 0x000000070da00000| Untracked 
| 109|0x000000070da00000, 0x000000070dc00000, 0x000000070dc00000|100%| O|  |TAMS 0x000000070dc00000| PB 0x000000070dc00000| Untracked 
| 110|0x000000070dc00000, 0x000000070de00000, 0x000000070de00000|100%| O|  |TAMS 0x000000070de00000| PB 0x000000070de00000| Untracked 
| 111|0x000000070de00000, 0x000000070e000000, 0x000000070e000000|100%| O|  |TAMS 0x000000070e000000| PB 0x000000070e000000| Untracked 
| 112|0x000000070e000000, 0x000000070e200000, 0x000000070e200000|100%| O|  |TAMS 0x000000070e200000| PB 0x000000070e200000| Untracked 
| 113|0x000000070e200000, 0x000000070e400000, 0x000000070e400000|100%| O|  |TAMS 0x000000070e400000| PB 0x000000070e400000| Untracked 
| 114|0x000000070e400000, 0x000000070e600000, 0x000000070e600000|100%| O|  |TAMS 0x000000070e600000| PB 0x000000070e600000| Updating 
| 115|0x000000070e600000, 0x000000070e800000, 0x000000070e800000|100%| O|  |TAMS 0x000000070e800000| PB 0x000000070e800000| Updating 
| 116|0x000000070e800000, 0x000000070ea00000, 0x000000070ea00000|100%| O|  |TAMS 0x000000070ea00000| PB 0x000000070ea00000| Updating 
| 117|0x000000070ea00000, 0x000000070ec00000, 0x000000070ec00000|100%| O|  |TAMS 0x000000070ec00000| PB 0x000000070ec00000| Updating 
| 118|0x000000070ec00000, 0x000000070ee00000, 0x000000070ee00000|100%| O|  |TAMS 0x000000070ee00000| PB 0x000000070ee00000| Untracked 
| 119|0x000000070ee00000, 0x000000070f000000, 0x000000070f000000|100%| O|  |TAMS 0x000000070f000000| PB 0x000000070f000000| Untracked 
| 120|0x000000070f000000, 0x000000070f200000, 0x000000070f200000|100%| O|  |TAMS 0x000000070f200000| PB 0x000000070f200000| Untracked 
| 121|0x000000070f200000, 0x000000070f400000, 0x000000070f400000|100%| O|  |TAMS 0x000000070f400000| PB 0x000000070f400000| Untracked 
| 122|0x000000070f400000, 0x000000070f600000, 0x000000070f600000|100%| O|  |TAMS 0x000000070f600000| PB 0x000000070f600000| Untracked 
| 123|0x000000070f600000, 0x000000070f800000, 0x000000070f800000|100%| O|  |TAMS 0x000000070f800000| PB 0x000000070f800000| Untracked 
| 124|0x000000070f800000, 0x000000070fa00000, 0x000000070fa00000|100%| O|  |TAMS 0x000000070fa00000| PB 0x000000070fa00000| Untracked 
| 125|0x000000070fa00000, 0x000000070fc00000, 0x000000070fc00000|100%| O|  |TAMS 0x000000070fc00000| PB 0x000000070fc00000| Updating 
| 126|0x000000070fc00000, 0x000000070fe00000, 0x000000070fe00000|100%| O|  |TAMS 0x000000070fe00000| PB 0x000000070fe00000| Untracked 
| 127|0x000000070fe00000, 0x0000000710000000, 0x0000000710000000|100%| O|  |TAMS 0x0000000710000000| PB 0x0000000710000000| Untracked 
| 128|0x0000000710000000, 0x0000000710200000, 0x0000000710200000|100%| O|  |TAMS 0x0000000710200000| PB 0x0000000710200000| Untracked 
| 129|0x0000000710200000, 0x0000000710400000, 0x0000000710400000|100%| O|  |TAMS 0x0000000710400000| PB 0x0000000710400000| Untracked 
| 130|0x0000000710400000, 0x0000000710600000, 0x0000000710600000|100%| O|  |TAMS 0x0000000710600000| PB 0x0000000710600000| Untracked 
| 131|0x0000000710600000, 0x0000000710800000, 0x0000000710800000|100%| O|  |TAMS 0x0000000710800000| PB 0x0000000710800000| Untracked 
| 132|0x0000000710800000, 0x0000000710a00000, 0x0000000710a00000|100%| O|  |TAMS 0x0000000710a00000| PB 0x0000000710a00000| Untracked 
| 133|0x0000000710a00000, 0x0000000710c00000, 0x0000000710c00000|100%| O|  |TAMS 0x0000000710c00000| PB 0x0000000710c00000| Updating 
| 134|0x0000000710c00000, 0x0000000710e00000, 0x0000000710e00000|100%| O|  |TAMS 0x0000000710e00000| PB 0x0000000710e00000| Untracked 
| 135|0x0000000710e00000, 0x0000000711000000, 0x0000000711000000|100%| O|  |TAMS 0x0000000711000000| PB 0x0000000711000000| Untracked 
| 136|0x0000000711000000, 0x0000000711200000, 0x0000000711200000|100%| O|  |TAMS 0x0000000711200000| PB 0x0000000711200000| Updating 
| 137|0x0000000711200000, 0x0000000711400000, 0x0000000711400000|100%| O|  |TAMS 0x0000000711400000| PB 0x0000000711400000| Updating 
| 138|0x0000000711400000, 0x0000000711600000, 0x0000000711600000|100%| O|  |TAMS 0x0000000711600000| PB 0x0000000711600000| Untracked 
| 139|0x0000000711600000, 0x0000000711800000, 0x0000000711800000|100%| O|  |TAMS 0x0000000711800000| PB 0x0000000711800000| Untracked 
| 140|0x0000000711800000, 0x0000000711a00000, 0x0000000711a00000|100%| O|  |TAMS 0x0000000711a00000| PB 0x0000000711a00000| Untracked 
| 141|0x0000000711a00000, 0x0000000711c00000, 0x0000000711c00000|100%| O|  |TAMS 0x0000000711c00000| PB 0x0000000711c00000| Untracked 
| 142|0x0000000711c00000, 0x0000000711e00000, 0x0000000711e00000|100%| O|  |TAMS 0x0000000711e00000| PB 0x0000000711e00000| Untracked 
| 143|0x0000000711e00000, 0x0000000712000000, 0x0000000712000000|100%| O|  |TAMS 0x0000000712000000| PB 0x0000000712000000| Untracked 
| 144|0x0000000712000000, 0x0000000712200000, 0x0000000712200000|100%| O|  |TAMS 0x0000000712200000| PB 0x0000000712200000| Untracked 
| 145|0x0000000712200000, 0x0000000712400000, 0x0000000712400000|100%| O|  |TAMS 0x0000000712200000| PB 0x0000000712200000| Untracked 
| 146|0x0000000712400000, 0x0000000712600000, 0x0000000712600000|100%| O|  |TAMS 0x0000000712400000| PB 0x0000000712400000| Untracked 
| 147|0x0000000712600000, 0x0000000712800000, 0x0000000712800000|100%| O|  |TAMS 0x0000000712600000| PB 0x0000000712600000| Untracked 
| 148|0x0000000712800000, 0x0000000712a00000, 0x0000000712a00000|100%| O|  |TAMS 0x0000000712800000| PB 0x0000000712800000| Untracked 
| 149|0x0000000712a00000, 0x0000000712c00000, 0x0000000712c00000|100%| O|  |TAMS 0x0000000712a00000| PB 0x0000000712a00000| Untracked 
| 150|0x0000000712c00000, 0x0000000712e00000, 0x0000000712e00000|100%| O|  |TAMS 0x0000000712c00000| PB 0x0000000712c00000| Untracked 
| 151|0x0000000712e00000, 0x0000000713000000, 0x0000000713000000|100%| O|  |TAMS 0x0000000712e00000| PB 0x0000000712e00000| Untracked 
| 152|0x0000000713000000, 0x0000000713200000, 0x0000000713200000|100%| O|  |TAMS 0x0000000713000000| PB 0x0000000713000000| Untracked 
| 153|0x0000000713200000, 0x0000000713400000, 0x0000000713400000|100%| O|  |TAMS 0x0000000713200000| PB 0x0000000713200000| Untracked 
| 154|0x0000000713400000, 0x0000000713600000, 0x0000000713600000|100%| O|  |TAMS 0x0000000713400000| PB 0x0000000713400000| Untracked 
| 155|0x0000000713600000, 0x00000007137d7df0, 0x0000000713800000| 92%| O|  |TAMS 0x0000000713600000| PB 0x0000000713600000| Untracked 
| 156|0x0000000713800000, 0x0000000713a00000, 0x0000000713a00000|100%| O|  |TAMS 0x0000000713a00000| PB 0x0000000713a00000| Untracked 
| 157|0x0000000713a00000, 0x0000000713c00000, 0x0000000713c00000|100%| O|  |TAMS 0x0000000713c00000| PB 0x0000000713c00000| Updating 
| 158|0x0000000713c00000, 0x0000000713e00000, 0x0000000713e00000|100%| O|  |TAMS 0x0000000713c52a40| PB 0x0000000713c52a40| Untracked 
| 159|0x0000000713e00000, 0x0000000713e00000, 0x0000000714000000|  0%| F|  |TAMS 0x0000000713e00000| PB 0x0000000713e00000| Untracked 
| 160|0x0000000714000000, 0x0000000714000000, 0x0000000714200000|  0%| F|  |TAMS 0x0000000714000000| PB 0x0000000714000000| Untracked 
| 161|0x0000000714200000, 0x0000000714200000, 0x0000000714400000|  0%| F|  |TAMS 0x0000000714200000| PB 0x0000000714200000| Untracked 
| 162|0x0000000714400000, 0x0000000714400000, 0x0000000714600000|  0%| F|  |TAMS 0x0000000714400000| PB 0x0000000714400000| Untracked 
| 163|0x0000000714600000, 0x0000000714600000, 0x0000000714800000|  0%| F|  |TAMS 0x0000000714600000| PB 0x0000000714600000| Untracked 
| 164|0x0000000714800000, 0x0000000714800000, 0x0000000714a00000|  0%| F|  |TAMS 0x0000000714800000| PB 0x0000000714800000| Untracked 
| 165|0x0000000714a00000, 0x0000000714a00000, 0x0000000714c00000|  0%| F|  |TAMS 0x0000000714a00000| PB 0x0000000714a00000| Untracked 
| 166|0x0000000714c00000, 0x0000000714c00000, 0x0000000714e00000|  0%| F|  |TAMS 0x0000000714c00000| PB 0x0000000714c00000| Untracked 
| 167|0x0000000714e00000, 0x0000000714e00000, 0x0000000715000000|  0%| F|  |TAMS 0x0000000714e00000| PB 0x0000000714e00000| Untracked 
| 168|0x0000000715000000, 0x0000000715000000, 0x0000000715200000|  0%| F|  |TAMS 0x0000000715000000| PB 0x0000000715000000| Untracked 
| 169|0x0000000715200000, 0x0000000715200000, 0x0000000715400000|  0%| F|  |TAMS 0x0000000715200000| PB 0x0000000715200000| Untracked 
| 170|0x0000000715400000, 0x0000000715400000, 0x0000000715600000|  0%| F|  |TAMS 0x0000000715400000| PB 0x0000000715400000| Untracked 
| 171|0x0000000715600000, 0x0000000715600000, 0x0000000715800000|  0%| F|  |TAMS 0x0000000715600000| PB 0x0000000715600000| Untracked 
| 172|0x0000000715800000, 0x0000000715800000, 0x0000000715a00000|  0%| F|  |TAMS 0x0000000715800000| PB 0x0000000715800000| Untracked 
| 173|0x0000000715a00000, 0x0000000715a00000, 0x0000000715c00000|  0%| F|  |TAMS 0x0000000715a00000| PB 0x0000000715a00000| Untracked 
| 174|0x0000000715c00000, 0x0000000715c00000, 0x0000000715e00000|  0%| F|  |TAMS 0x0000000715c00000| PB 0x0000000715c00000| Untracked 
| 175|0x0000000715e00000, 0x0000000715e00000, 0x0000000716000000|  0%| F|  |TAMS 0x0000000715e00000| PB 0x0000000715e00000| Untracked 
| 176|0x0000000716000000, 0x0000000716000000, 0x0000000716200000|  0%| F|  |TAMS 0x0000000716000000| PB 0x0000000716000000| Untracked 
| 177|0x0000000716200000, 0x0000000716200000, 0x0000000716400000|  0%| F|  |TAMS 0x0000000716200000| PB 0x0000000716200000| Untracked 
| 178|0x0000000716400000, 0x0000000716400000, 0x0000000716600000|  0%| F|  |TAMS 0x0000000716400000| PB 0x0000000716400000| Untracked 
| 179|0x0000000716600000, 0x0000000716600000, 0x0000000716800000|  0%| F|  |TAMS 0x0000000716600000| PB 0x0000000716600000| Untracked 
| 180|0x0000000716800000, 0x0000000716800000, 0x0000000716a00000|  0%| F|  |TAMS 0x0000000716800000| PB 0x0000000716800000| Untracked 
| 181|0x0000000716a00000, 0x0000000716a00000, 0x0000000716c00000|  0%| F|  |TAMS 0x0000000716a00000| PB 0x0000000716a00000| Untracked 
| 182|0x0000000716c00000, 0x0000000716c00000, 0x0000000716e00000|  0%| F|  |TAMS 0x0000000716c00000| PB 0x0000000716c00000| Untracked 
| 183|0x0000000716e00000, 0x0000000716e00000, 0x0000000717000000|  0%| F|  |TAMS 0x0000000716e00000| PB 0x0000000716e00000| Untracked 
| 184|0x0000000717000000, 0x0000000717000000, 0x0000000717200000|  0%| F|  |TAMS 0x0000000717000000| PB 0x0000000717000000| Untracked 
| 185|0x0000000717200000, 0x0000000717200000, 0x0000000717400000|  0%| F|  |TAMS 0x0000000717200000| PB 0x0000000717200000| Untracked 
| 186|0x0000000717400000, 0x0000000717400000, 0x0000000717600000|  0%| F|  |TAMS 0x0000000717400000| PB 0x0000000717400000| Untracked 
| 187|0x0000000717600000, 0x0000000717600000, 0x0000000717800000|  0%| F|  |TAMS 0x0000000717600000| PB 0x0000000717600000| Untracked 
| 188|0x0000000717800000, 0x0000000717800000, 0x0000000717a00000|  0%| F|  |TAMS 0x0000000717800000| PB 0x0000000717800000| Untracked 
| 189|0x0000000717a00000, 0x0000000717a00000, 0x0000000717c00000|  0%| F|  |TAMS 0x0000000717a00000| PB 0x0000000717a00000| Untracked 
| 190|0x0000000717c00000, 0x0000000717c00000, 0x0000000717e00000|  0%| F|  |TAMS 0x0000000717c00000| PB 0x0000000717c00000| Untracked 
| 191|0x0000000717e00000, 0x0000000717e00000, 0x0000000718000000|  0%| F|  |TAMS 0x0000000717e00000| PB 0x0000000717e00000| Untracked 
| 192|0x0000000718000000, 0x0000000718000000, 0x0000000718200000|  0%| F|  |TAMS 0x0000000718000000| PB 0x0000000718000000| Untracked 
| 193|0x0000000718200000, 0x0000000718200000, 0x0000000718400000|  0%| F|  |TAMS 0x0000000718200000| PB 0x0000000718200000| Untracked 
| 194|0x0000000718400000, 0x0000000718400000, 0x0000000718600000|  0%| F|  |TAMS 0x0000000718400000| PB 0x0000000718400000| Untracked 
| 195|0x0000000718600000, 0x0000000718600000, 0x0000000718800000|  0%| F|  |TAMS 0x0000000718600000| PB 0x0000000718600000| Untracked 
| 196|0x0000000718800000, 0x0000000718800000, 0x0000000718a00000|  0%| F|  |TAMS 0x0000000718800000| PB 0x0000000718800000| Untracked 
| 197|0x0000000718a00000, 0x0000000718a00000, 0x0000000718c00000|  0%| F|  |TAMS 0x0000000718a00000| PB 0x0000000718a00000| Untracked 
| 198|0x0000000718c00000, 0x0000000718c00000, 0x0000000718e00000|  0%| F|  |TAMS 0x0000000718c00000| PB 0x0000000718c00000| Untracked 
| 199|0x0000000718e00000, 0x0000000718e00000, 0x0000000719000000|  0%| F|  |TAMS 0x0000000718e00000| PB 0x0000000718e00000| Untracked 
| 200|0x0000000719000000, 0x0000000719000000, 0x0000000719200000|  0%| F|  |TAMS 0x0000000719000000| PB 0x0000000719000000| Untracked 
| 201|0x0000000719200000, 0x0000000719200000, 0x0000000719400000|  0%| F|  |TAMS 0x0000000719200000| PB 0x0000000719200000| Untracked 
| 202|0x0000000719400000, 0x0000000719400000, 0x0000000719600000|  0%| F|  |TAMS 0x0000000719400000| PB 0x0000000719400000| Untracked 
| 203|0x0000000719600000, 0x0000000719600000, 0x0000000719800000|  0%| F|  |TAMS 0x0000000719600000| PB 0x0000000719600000| Untracked 
| 204|0x0000000719800000, 0x0000000719800000, 0x0000000719a00000|  0%| F|  |TAMS 0x0000000719800000| PB 0x0000000719800000| Untracked 
| 205|0x0000000719a00000, 0x0000000719a00000, 0x0000000719c00000|  0%| F|  |TAMS 0x0000000719a00000| PB 0x0000000719a00000| Untracked 
| 206|0x0000000719c00000, 0x0000000719c00000, 0x0000000719e00000|  0%| F|  |TAMS 0x0000000719c00000| PB 0x0000000719c00000| Untracked 
| 207|0x0000000719e00000, 0x0000000719e00000, 0x000000071a000000|  0%| F|  |TAMS 0x0000000719e00000| PB 0x0000000719e00000| Untracked 
| 208|0x000000071a000000, 0x000000071a000000, 0x000000071a200000|  0%| F|  |TAMS 0x000000071a000000| PB 0x000000071a000000| Untracked 
| 209|0x000000071a200000, 0x000000071a200000, 0x000000071a400000|  0%| F|  |TAMS 0x000000071a200000| PB 0x000000071a200000| Untracked 
| 210|0x000000071a400000, 0x000000071a400000, 0x000000071a600000|  0%| F|  |TAMS 0x000000071a400000| PB 0x000000071a400000| Untracked 
| 211|0x000000071a600000, 0x000000071a600000, 0x000000071a800000|  0%| F|  |TAMS 0x000000071a600000| PB 0x000000071a600000| Untracked 
| 212|0x000000071a800000, 0x000000071a9e4d40, 0x000000071aa00000| 94%| S|CS|TAMS 0x000000071a800000| PB 0x000000071a800000| Complete 
| 213|0x000000071aa00000, 0x000000071ac00000, 0x000000071ac00000|100%| S|CS|TAMS 0x000000071aa00000| PB 0x000000071aa00000| Complete 
| 214|0x000000071ac00000, 0x000000071ae00000, 0x000000071ae00000|100%| S|CS|TAMS 0x000000071ac00000| PB 0x000000071ac00000| Complete 
| 215|0x000000071ae00000, 0x000000071b000000, 0x000000071b000000|100%| S|CS|TAMS 0x000000071ae00000| PB 0x000000071ae00000| Complete 
| 216|0x000000071b000000, 0x000000071b200000, 0x000000071b200000|100%| S|CS|TAMS 0x000000071b000000| PB 0x000000071b000000| Complete 
| 217|0x000000071b200000, 0x000000071b400000, 0x000000071b400000|100%| S|CS|TAMS 0x000000071b200000| PB 0x000000071b200000| Complete 
| 218|0x000000071b400000, 0x000000071b600000, 0x000000071b600000|100%| S|CS|TAMS 0x000000071b400000| PB 0x000000071b400000| Complete 
| 219|0x000000071b600000, 0x000000071b600000, 0x000000071b800000|  0%| F|  |TAMS 0x000000071b600000| PB 0x000000071b600000| Untracked 
| 220|0x000000071b800000, 0x000000071b800000, 0x000000071ba00000|  0%| F|  |TAMS 0x000000071b800000| PB 0x000000071b800000| Untracked 
| 221|0x000000071ba00000, 0x000000071ba00000, 0x000000071bc00000|  0%| F|  |TAMS 0x000000071ba00000| PB 0x000000071ba00000| Untracked 
| 222|0x000000071bc00000, 0x000000071bc00000, 0x000000071be00000|  0%| F|  |TAMS 0x000000071bc00000| PB 0x000000071bc00000| Untracked 
| 223|0x000000071be00000, 0x000000071be00000, 0x000000071c000000|  0%| F|  |TAMS 0x000000071be00000| PB 0x000000071be00000| Untracked 
| 224|0x000000071c000000, 0x000000071c000000, 0x000000071c200000|  0%| F|  |TAMS 0x000000071c000000| PB 0x000000071c000000| Untracked 
| 225|0x000000071c200000, 0x000000071c200000, 0x000000071c400000|  0%| F|  |TAMS 0x000000071c200000| PB 0x000000071c200000| Untracked 
| 226|0x000000071c400000, 0x000000071c400000, 0x000000071c600000|  0%| F|  |TAMS 0x000000071c400000| PB 0x000000071c400000| Untracked 
| 227|0x000000071c600000, 0x000000071c600000, 0x000000071c800000|  0%| F|  |TAMS 0x000000071c600000| PB 0x000000071c600000| Untracked 
| 228|0x000000071c800000, 0x000000071c800000, 0x000000071ca00000|  0%| F|  |TAMS 0x000000071c800000| PB 0x000000071c800000| Untracked 
| 229|0x000000071ca00000, 0x000000071ca00000, 0x000000071cc00000|  0%| F|  |TAMS 0x000000071ca00000| PB 0x000000071ca00000| Untracked 
| 230|0x000000071cc00000, 0x000000071cc00000, 0x000000071ce00000|  0%| F|  |TAMS 0x000000071cc00000| PB 0x000000071cc00000| Untracked 
| 231|0x000000071ce00000, 0x000000071ce00000, 0x000000071d000000|  0%| F|  |TAMS 0x000000071ce00000| PB 0x000000071ce00000| Untracked 
| 232|0x000000071d000000, 0x000000071d000000, 0x000000071d200000|  0%| F|  |TAMS 0x000000071d000000| PB 0x000000071d000000| Untracked 
| 233|0x000000071d200000, 0x000000071d200000, 0x000000071d400000|  0%| F|  |TAMS 0x000000071d200000| PB 0x000000071d200000| Untracked 
| 234|0x000000071d400000, 0x000000071d400000, 0x000000071d600000|  0%| F|  |TAMS 0x000000071d400000| PB 0x000000071d400000| Untracked 
| 235|0x000000071d600000, 0x000000071d600000, 0x000000071d800000|  0%| F|  |TAMS 0x000000071d600000| PB 0x000000071d600000| Untracked 
| 236|0x000000071d800000, 0x000000071d800000, 0x000000071da00000|  0%| F|  |TAMS 0x000000071d800000| PB 0x000000071d800000| Untracked 
| 237|0x000000071da00000, 0x000000071da00000, 0x000000071dc00000|  0%| F|  |TAMS 0x000000071da00000| PB 0x000000071da00000| Untracked 
| 238|0x000000071dc00000, 0x000000071dc00000, 0x000000071de00000|  0%| F|  |TAMS 0x000000071dc00000| PB 0x000000071dc00000| Untracked 
| 239|0x000000071de00000, 0x000000071de00000, 0x000000071e000000|  0%| F|  |TAMS 0x000000071de00000| PB 0x000000071de00000| Untracked 
| 240|0x000000071e000000, 0x000000071e000000, 0x000000071e200000|  0%| F|  |TAMS 0x000000071e000000| PB 0x000000071e000000| Untracked 
| 241|0x000000071e200000, 0x000000071e200000, 0x000000071e400000|  0%| F|  |TAMS 0x000000071e200000| PB 0x000000071e200000| Untracked 
| 242|0x000000071e400000, 0x000000071e400000, 0x000000071e600000|  0%| F|  |TAMS 0x000000071e400000| PB 0x000000071e400000| Untracked 
| 243|0x000000071e600000, 0x000000071e600000, 0x000000071e800000|  0%| F|  |TAMS 0x000000071e600000| PB 0x000000071e600000| Untracked 
| 244|0x000000071e800000, 0x000000071e800000, 0x000000071ea00000|  0%| F|  |TAMS 0x000000071e800000| PB 0x000000071e800000| Untracked 
| 245|0x000000071ea00000, 0x000000071ea00000, 0x000000071ec00000|  0%| F|  |TAMS 0x000000071ea00000| PB 0x000000071ea00000| Untracked 
| 246|0x000000071ec00000, 0x000000071ec00000, 0x000000071ee00000|  0%| F|  |TAMS 0x000000071ec00000| PB 0x000000071ec00000| Untracked 
| 247|0x000000071ee00000, 0x000000071ee00000, 0x000000071f000000|  0%| F|  |TAMS 0x000000071ee00000| PB 0x000000071ee00000| Untracked 
| 248|0x000000071f000000, 0x000000071f000000, 0x000000071f200000|  0%| F|  |TAMS 0x000000071f000000| PB 0x000000071f000000| Untracked 
| 249|0x000000071f200000, 0x000000071f200000, 0x000000071f400000|  0%| F|  |TAMS 0x000000071f200000| PB 0x000000071f200000| Untracked 
| 250|0x000000071f400000, 0x000000071f400000, 0x000000071f600000|  0%| F|  |TAMS 0x000000071f400000| PB 0x000000071f400000| Untracked 
| 251|0x000000071f600000, 0x000000071f600000, 0x000000071f800000|  0%| F|  |TAMS 0x000000071f600000| PB 0x000000071f600000| Untracked 
| 252|0x000000071f800000, 0x000000071fa00000, 0x000000071fa00000|100%| E|  |TAMS 0x000000071f800000| PB 0x000000071f800000| Complete 
|2027|0x00000007fd600000, 0x00000007fd800000, 0x00000007fd800000|100%| O|  |TAMS 0x00000007fd800000| PB 0x00000007fd800000| Updating 
|2028|0x00000007fd800000, 0x00000007fda00000, 0x00000007fda00000|100%| O|  |TAMS 0x00000007fda00000| PB 0x00000007fda00000| Untracked 
|2029|0x00000007fda00000, 0x00000007fdc00000, 0x00000007fdc00000|100%| O|  |TAMS 0x00000007fdc00000| PB 0x00000007fdc00000| Untracked 
|2030|0x00000007fdc00000, 0x00000007fde00000, 0x00000007fde00000|100%| E|CS|TAMS 0x00000007fdc00000| PB 0x00000007fdc00000| Complete 
|2031|0x00000007fde00000, 0x00000007fe000000, 0x00000007fe000000|100%| O|  |TAMS 0x00000007fe000000| PB 0x00000007fe000000| Untracked 
|2032|0x00000007fe000000, 0x00000007fe200000, 0x00000007fe200000|100%| E|CS|TAMS 0x00000007fe000000| PB 0x00000007fe000000| Complete 
|2033|0x00000007fe200000, 0x00000007fe400000, 0x00000007fe400000|100%| O|  |TAMS 0x00000007fe400000| PB 0x00000007fe400000| Untracked 
|2034|0x00000007fe400000, 0x00000007fe600000, 0x00000007fe600000|100%| O|  |TAMS 0x00000007fe600000| PB 0x00000007fe600000| Untracked 
|2035|0x00000007fe600000, 0x00000007fe800000, 0x00000007fe800000|100%| O|  |TAMS 0x00000007fe800000| PB 0x00000007fe800000| Untracked 
|2036|0x00000007fe800000, 0x00000007fea00000, 0x00000007fea00000|100%| O|  |TAMS 0x00000007fea00000| PB 0x00000007fea00000| Untracked 
|2037|0x00000007fea00000, 0x00000007fec00000, 0x00000007fec00000|100%| E|CS|TAMS 0x00000007fea00000| PB 0x00000007fea00000| Complete 
|2038|0x00000007fec00000, 0x00000007fee00000, 0x00000007fee00000|100%| O|  |TAMS 0x00000007fee00000| PB 0x00000007fee00000| Updating 
|2039|0x00000007fee00000, 0x00000007ff000000, 0x00000007ff000000|100%| E|CS|TAMS 0x00000007fee00000| PB 0x00000007fee00000| Complete 
|2040|0x00000007ff000000, 0x00000007ff200000, 0x00000007ff200000|100%| O|  |TAMS 0x00000007ff200000| PB 0x00000007ff200000| Untracked 
|2041|0x00000007ff200000, 0x00000007ff400000, 0x00000007ff400000|100%| O|  |TAMS 0x00000007ff400000| PB 0x00000007ff400000| Untracked 
|2042|0x00000007ff400000, 0x00000007ff600000, 0x00000007ff600000|100%| O|  |TAMS 0x00000007ff600000| PB 0x00000007ff600000| Untracked 
|2043|0x00000007ff600000, 0x00000007ff800000, 0x00000007ff800000|100%| O|  |TAMS 0x00000007ff800000| PB 0x00000007ff800000| Untracked 
|2044|0x00000007ff800000, 0x00000007ffa00000, 0x00000007ffa00000|100%| O|  |TAMS 0x00000007ffa00000| PB 0x00000007ffa00000| Untracked 
|2045|0x00000007ffa00000, 0x00000007ffc00000, 0x00000007ffc00000|100%| O|  |TAMS 0x00000007ffc00000| PB 0x00000007ffc00000| Untracked 
|2046|0x00000007ffc00000, 0x00000007ffe00000, 0x00000007ffe00000|100%| O|  |TAMS 0x00000007ffe00000| PB 0x00000007ffe00000| Untracked 
|2047|0x00000007ffe00000, 0x0000000800000000, 0x0000000800000000|100%| O|  |TAMS 0x0000000800000000| PB 0x0000000800000000| Untracked 

Card table byte_map: [0x0000026a132e0000,0x0000026a13ae0000] _byte_map_base: 0x0000026a0fae0000

Marking Bits: (CMBitMap*) 0x0000026a7f91f290
 Bits: [0x0000026a13ae0000, 0x0000026a17ae0000)

Polling page: 0x0000026a7dee0000

Metaspace:

Usage:
  Non-class:    153.45 MB used.
      Class:     22.30 MB used.
       Both:    175.75 MB used.

Virtual space:
  Non-class space:      192.00 MB reserved,     154.81 MB ( 81%) committed,  3 nodes.
      Class space:        1.00 GB reserved,      23.62 MB (  2%) committed,  1 nodes.
             Both:        1.19 GB reserved,     178.44 MB ( 15%) committed. 

Chunk freelists:
   Non-Class:  4.39 MB
       Class:  8.42 MB
        Both:  12.81 MB

MaxMetaspaceSize: unlimited
CompressedClassSpaceSize: 1.00 GB
Initial GC threshold: 21.00 MB
Current GC threshold: 285.56 MB
CDS: on
 - commit_granule_bytes: 65536.
 - commit_granule_words: 8192.
 - virtual_space_node_default_size: 8388608.
 - enlarge_chunks_in_place: 1.
 - use_allocation_guard: 0.


Internal statistics:

num_allocs_failed_limit: 9.
num_arena_births: 5024.
num_arena_deaths: 0.
num_vsnodes_births: 4.
num_vsnodes_deaths: 0.
num_space_committed: 2853.
num_space_uncommitted: 0.
num_chunks_returned_to_freelist: 9.
num_chunks_taken_from_freelist: 12757.
num_chunk_merges: 6.
num_chunk_splits: 8860.
num_chunks_enlarged: 6160.
num_inconsistent_stats: 0.

CodeHeap 'non-profiled nmethods': size=119168Kb used=16337Kb max_used=21176Kb free=102830Kb
 bounds [0x0000026a0ace0000, 0x0000026a0c190000, 0x0000026a12140000]
CodeHeap 'profiled nmethods': size=119104Kb used=75601Kb max_used=89920Kb free=43502Kb
 bounds [0x0000026a03140000, 0x0000026a08920000, 0x0000026a0a590000]
CodeHeap 'non-nmethods': size=7488Kb used=4047Kb max_used=4116Kb free=3440Kb
 bounds [0x0000026a0a590000, 0x0000026a0a9b0000, 0x0000026a0ace0000]
CodeCache: size=245760Kb, used=95985Kb, max_used=115212Kb, free=149772Kb
 total_blobs=22679, nmethods=21507, adapters=1069, full_count=0
Compilation: enabled, stopped_count=0, restarted_count=0

Compilation events (20 events):
Event: 31.748 Thread 0x0000026a19eaf7d0 nmethod 35559 0x0000026a0c188d10 code [0x0000026a0c188f00, 0x0000026a0c189758]
Event: 31.749 Thread 0x0000026a19eaf7d0 35572       4       org.jetbrains.kotlin.fir.symbols.impl.FirClassLikeSymbol::getRawStatus (11 bytes)
Event: 31.753 Thread 0x0000026a19eaf7d0 nmethod 35572 0x0000026a0c189a10 code [0x0000026a0c189c00, 0x0000026a0c18a208]
Event: 31.753 Thread 0x0000026a19eaf7d0 35574       4       org.jetbrains.kotlin.load.java.structure.impl.classFiles.PlainJavaClassifierType::isRaw (103 bytes)
Event: 31.758 Thread 0x0000026a19eb54d0 35578       3       org.jetbrains.kotlin.fir.scopes.impl.FirAbstractOverrideChecker::<init> (5 bytes)
Event: 31.758 Thread 0x0000026a19eb54d0 nmethod 35578 0x0000026a0891ca90 code [0x0000026a0891cc40, 0x0000026a0891cda8]
Event: 31.760 Thread 0x0000026a19eaf7d0 nmethod 35574 0x0000026a0c18a490 code [0x0000026a0c18a680, 0x0000026a0c18ac28]
Event: 31.760 Thread 0x0000026a19eaf7d0 35576       4       org.jetbrains.kotlin.fir.backend.Fir2IrDeclarationStorageKt::isFakeOverrideImpl (23 bytes)
Event: 31.763 Thread 0x0000026a19eaf7d0 nmethod 35576 0x0000026a0c18af90 code [0x0000026a0c18b160, 0x0000026a0c18b3d8]
Event: 31.763 Thread 0x0000026a19eaf7d0 35581       4       org.jetbrains.kotlin.fir.types.ConeAttributes::remove (148 bytes)
Event: 31.784 Thread 0x0000026a19eaf7d0 nmethod 35581 0x0000026a0c18b790 code [0x0000026a0c18ba60, 0x0000026a0c18cd40]
Event: 31.784 Thread 0x0000026a19eaf7d0 35582       4       org.jetbrains.kotlin.util.AbstractArrayMapOwner::isEmpty (16 bytes)
Event: 31.784 Thread 0x0000026a19eb4730 35587       3       org.jetbrains.kotlin.fir.java.scopes.JavaOverrideChecker$$Lambda/0x0000026a1d5ed290::invoke (20 bytes)
Event: 31.784 Thread 0x0000026a19eb7010 35588       3       org.jetbrains.kotlin.fir.java.scopes.JavaOverrideChecker::hasPrimitiveReturnTypeInJvm$lambda$6 (86 bytes)
Event: 31.785 Thread 0x0000026a19eb4730 nmethod 35587 0x0000026a0891ce90 code [0x0000026a0891d040, 0x0000026a0891d290]
Event: 31.785 Thread 0x0000026a19eaf7d0 nmethod 35582 0x0000026a0c18d690 code [0x0000026a0c18d820, 0x0000026a0c18d908]
Event: 31.785 Thread 0x0000026a19eaf7d0 35585       4       org.jetbrains.kotlin.fir.ClassMembersKt::getCanHaveDeferredReturnTypeCalculation (45 bytes)
Event: 31.786 Thread 0x0000026a19eb7010 nmethod 35588 0x0000026a0891d390 code [0x0000026a0891d6a0, 0x0000026a0891e560]
Event: 31.787 Thread 0x0000026a19eaf7d0 nmethod 35585 0x0000026a0c18da10 code [0x0000026a0c18dbc0, 0x0000026a0c18ddb8]
Event: 31.787 Thread 0x0000026a19eaf7d0 35586       4       org.jetbrains.kotlin.fir.scopes.impl.AbstractFirUseSiteMemberScope::collectFunctionsFromSupertypes (67 bytes)

GC Heap History (20 events):
Event: 20.591 GC heap before
{Heap before GC invocations=53 (full 0):
 garbage-first heap   total 372736K, used 329714K [0x0000000700000000, 0x0000000800000000)
  region size 2048K, 44 young (90112K), 7 survivors (14336K)
 Metaspace       used 155400K, committed 158144K, reserved 1245184K
  class space    used 20955K, committed 22272K, reserved 1048576K
}
Event: 20.597 GC heap after
{Heap after GC invocations=54 (full 0):
 garbage-first heap   total 473088K, used 263103K [0x0000000700000000, 0x0000000800000000)
  region size 2048K, 4 young (8192K), 4 survivors (8192K)
 Metaspace       used 155400K, committed 158144K, reserved 1245184K
  class space    used 20955K, committed 22272K, reserved 1048576K
}
Event: 22.092 GC heap before
{Heap before GC invocations=54 (full 0):
 garbage-first heap   total 473088K, used 406463K [0x0000000700000000, 0x0000000800000000)
  region size 2048K, 75 young (153600K), 4 survivors (8192K)
 Metaspace       used 158841K, committed 161600K, reserved 1245184K
  class space    used 21202K, committed 22528K, reserved 1048576K
}
Event: 22.099 GC heap after
{Heap after GC invocations=55 (full 0):
 garbage-first heap   total 473088K, used 275529K [0x0000000700000000, 0x0000000800000000)
  region size 2048K, 10 young (20480K), 10 survivors (20480K)
 Metaspace       used 158841K, committed 161600K, reserved 1245184K
  class space    used 21202K, committed 22528K, reserved 1048576K
}
Event: 22.863 GC heap before
{Heap before GC invocations=55 (full 0):
 garbage-first heap   total 473088K, used 341065K [0x0000000700000000, 0x0000000800000000)
  region size 2048K, 43 young (88064K), 10 survivors (20480K)
 Metaspace       used 159609K, committed 162304K, reserved 1245184K
  class space    used 21233K, committed 22528K, reserved 1048576K
}
Event: 22.870 GC heap after
{Heap after GC invocations=56 (full 0):
 garbage-first heap   total 473088K, used 280405K [0x0000000700000000, 0x0000000800000000)
  region size 2048K, 3 young (6144K), 3 survivors (6144K)
 Metaspace       used 159609K, committed 162304K, reserved 1245184K
  class space    used 21233K, committed 22528K, reserved 1048576K
}
Event: 24.039 GC heap before
{Heap before GC invocations=57 (full 0):
 garbage-first heap   total 473088K, used 417621K [0x0000000700000000, 0x0000000800000000)
  region size 2048K, 70 young (143360K), 3 survivors (6144K)
 Metaspace       used 161370K, committed 164096K, reserved 1245184K
  class space    used 21419K, committed 22720K, reserved 1048576K
}
Event: 24.045 GC heap after
{Heap after GC invocations=58 (full 0):
 garbage-first heap   total 473088K, used 291700K [0x0000000700000000, 0x0000000800000000)
  region size 2048K, 8 young (16384K), 8 survivors (16384K)
 Metaspace       used 161370K, committed 164096K, reserved 1245184K
  class space    used 21419K, committed 22720K, reserved 1048576K
}
Event: 24.945 GC heap before
{Heap before GC invocations=58 (full 0):
 garbage-first heap   total 473088K, used 424820K [0x0000000700000000, 0x0000000800000000)
  region size 2048K, 73 young (149504K), 8 survivors (16384K)
 Metaspace       used 162068K, committed 164800K, reserved 1245184K
  class space    used 21442K, committed 22784K, reserved 1048576K
}
Event: 24.953 GC heap after
{Heap after GC invocations=59 (full 0):
 garbage-first heap   total 473088K, used 307164K [0x0000000700000000, 0x0000000800000000)
  region size 2048K, 10 young (20480K), 10 survivors (20480K)
 Metaspace       used 162068K, committed 164800K, reserved 1245184K
  class space    used 21442K, committed 22784K, reserved 1048576K
}
Event: 25.805 GC heap before
{Heap before GC invocations=59 (full 0):
 garbage-first heap   total 473088K, used 427996K [0x0000000700000000, 0x0000000800000000)
  region size 2048K, 69 young (141312K), 10 survivors (20480K)
 Metaspace       used 162244K, committed 164992K, reserved 1245184K
  class space    used 21448K, committed 22784K, reserved 1048576K
}
Event: 25.811 GC heap after
{Heap after GC invocations=60 (full 0):
 garbage-first heap   total 473088K, used 314066K [0x0000000700000000, 0x0000000800000000)
  region size 2048K, 4 young (8192K), 4 survivors (8192K)
 Metaspace       used 162244K, committed 164992K, reserved 1245184K
  class space    used 21448K, committed 22784K, reserved 1048576K
}
Event: 27.617 GC heap before
{Heap before GC invocations=61 (full 0):
 garbage-first heap   total 526336K, used 434898K [0x0000000700000000, 0x0000000800000000)
  region size 2048K, 63 young (129024K), 4 survivors (8192K)
 Metaspace       used 166819K, committed 169536K, reserved 1245184K
  class space    used 21767K, committed 23104K, reserved 1048576K
}
Event: 27.622 GC heap after
{Heap after GC invocations=62 (full 0):
 garbage-first heap   total 526336K, used 321441K [0x0000000700000000, 0x0000000800000000)
  region size 2048K, 8 young (16384K), 8 survivors (16384K)
 Metaspace       used 166819K, committed 169536K, reserved 1245184K
  class space    used 21767K, committed 23104K, reserved 1048576K
}
Event: 28.929 GC heap before
{Heap before GC invocations=62 (full 0):
 garbage-first heap   total 526336K, used 475041K [0x0000000700000000, 0x0000000800000000)
  region size 2048K, 84 young (172032K), 8 survivors (16384K)
 Metaspace       used 172112K, committed 174848K, reserved 1245184K
  class space    used 22172K, committed 23488K, reserved 1048576K
}
Event: 28.938 GC heap after
{Heap after GC invocations=63 (full 0):
 garbage-first heap   total 526336K, used 335743K [0x0000000700000000, 0x0000000800000000)
  region size 2048K, 11 young (22528K), 11 survivors (22528K)
 Metaspace       used 172112K, committed 174848K, reserved 1245184K
  class space    used 22172K, committed 23488K, reserved 1048576K
}
Event: 30.849 GC heap before
{Heap before GC invocations=64 (full 0):
 garbage-first heap   total 561152K, used 485247K [0x0000000700000000, 0x0000000800000000)
  region size 2048K, 84 young (172032K), 11 survivors (22528K)
 Metaspace       used 178565K, committed 181312K, reserved 1245184K
  class space    used 22719K, committed 24064K, reserved 1048576K
}
Event: 30.865 GC heap after
{Heap after GC invocations=65 (full 0):
 garbage-first heap   total 561152K, used 358730K [0x0000000700000000, 0x0000000800000000)
  region size 2048K, 11 young (22528K), 11 survivors (22528K)
 Metaspace       used 178565K, committed 181312K, reserved 1245184K
  class space    used 22719K, committed 24064K, reserved 1048576K
}
Event: 31.585 GC heap before
{Heap before GC invocations=65 (full 0):
 garbage-first heap   total 561152K, used 434506K [0x0000000700000000, 0x0000000800000000)
  region size 2048K, 49 young (100352K), 11 survivors (22528K)
 Metaspace       used 179744K, committed 182464K, reserved 1245184K
  class space    used 22808K, committed 24128K, reserved 1048576K
}
Event: 31.597 GC heap after
{Heap after GC invocations=66 (full 0):
 garbage-first heap   total 561152K, used 374514K [0x0000000700000000, 0x0000000800000000)
  region size 2048K, 7 young (14336K), 7 survivors (14336K)
 Metaspace       used 179744K, committed 182464K, reserved 1245184K
  class space    used 22808K, committed 24128K, reserved 1048576K
}

Dll operation events (20 events):
Event: 0.045 Attempting to load shared library C:\Users\David Tembhare\.antigravity-ide\extensions\redhat.java-1.56.0-win32-x64\jre\21.0.12.1-win32-x86_64\bin\nio.dll
Event: 0.045 Loaded shared library C:\Users\David Tembhare\.antigravity-ide\extensions\redhat.java-1.56.0-win32-x64\jre\21.0.12.1-win32-x86_64\bin\nio.dll
Event: 0.047 Attempting to load shared library C:\Users\David Tembhare\.antigravity-ide\extensions\redhat.java-1.56.0-win32-x64\jre\21.0.12.1-win32-x86_64\bin\zip.dll
Event: 0.047 Loaded shared library C:\Users\David Tembhare\.antigravity-ide\extensions\redhat.java-1.56.0-win32-x64\jre\21.0.12.1-win32-x86_64\bin\zip.dll
Event: 0.179 Attempting to load shared library C:\Users\David Tembhare\.antigravity-ide\extensions\redhat.java-1.56.0-win32-x64\jre\21.0.12.1-win32-x86_64\bin\jimage.dll
Event: 0.179 Loaded shared library C:\Users\David Tembhare\.antigravity-ide\extensions\redhat.java-1.56.0-win32-x64\jre\21.0.12.1-win32-x86_64\bin\jimage.dll
Event: 0.292 Attempting to load shared library C:\Users\David Tembhare\.antigravity-ide\extensions\redhat.java-1.56.0-win32-x64\jre\21.0.12.1-win32-x86_64\bin\verify.dll
Event: 0.292 Loaded shared library C:\Users\David Tembhare\.antigravity-ide\extensions\redhat.java-1.56.0-win32-x64\jre\21.0.12.1-win32-x86_64\bin\verify.dll
Event: 0.308 Attempting to load shared library C:\Users\David Tembhare\.gradle\native\660c5614fbf4a5f2a75b1949f50a0caf5cd603558e7d8a26e50b933a0cfb79d1\windows-amd64\native-platform.dll
Event: 0.308 Loaded shared library C:\Users\David Tembhare\.gradle\native\660c5614fbf4a5f2a75b1949f50a0caf5cd603558e7d8a26e50b933a0cfb79d1\windows-amd64\native-platform.dll
Event: 0.313 Attempting to load shared library C:\Users\David Tembhare\.gradle\native\0.2.8\x86_64-windows-gnu\gradle-fileevents.dll
Event: 0.313 Loaded shared library C:\Users\David Tembhare\.gradle\native\0.2.8\x86_64-windows-gnu\gradle-fileevents.dll
Event: 0.883 Attempting to load shared library C:\Users\David Tembhare\.antigravity-ide\extensions\redhat.java-1.56.0-win32-x64\jre\21.0.12.1-win32-x86_64\bin\management.dll
Event: 0.883 Loaded shared library C:\Users\David Tembhare\.antigravity-ide\extensions\redhat.java-1.56.0-win32-x64\jre\21.0.12.1-win32-x86_64\bin\management.dll
Event: 0.885 Attempting to load shared library C:\Users\David Tembhare\.antigravity-ide\extensions\redhat.java-1.56.0-win32-x64\jre\21.0.12.1-win32-x86_64\bin\management_ext.dll
Event: 0.885 Loaded shared library C:\Users\David Tembhare\.antigravity-ide\extensions\redhat.java-1.56.0-win32-x64\jre\21.0.12.1-win32-x86_64\bin\management_ext.dll
Event: 0.961 Attempting to load shared library C:\Users\David Tembhare\.antigravity-ide\extensions\redhat.java-1.56.0-win32-x64\jre\21.0.12.1-win32-x86_64\bin\extnet.dll
Event: 0.962 Loaded shared library C:\Users\David Tembhare\.antigravity-ide\extensions\redhat.java-1.56.0-win32-x64\jre\21.0.12.1-win32-x86_64\bin\extnet.dll
Event: 1.095 Attempting to load shared library C:\Users\David Tembhare\.antigravity-ide\extensions\redhat.java-1.56.0-win32-x64\jre\21.0.12.1-win32-x86_64\bin\sunmscapi.dll
Event: 1.097 Loaded shared library C:\Users\David Tembhare\.antigravity-ide\extensions\redhat.java-1.56.0-win32-x64\jre\21.0.12.1-win32-x86_64\bin\sunmscapi.dll

Deoptimization events (20 events):
Event: 31.741 Thread 0x0000026a66d4b630 Uncommon trap: trap_request=0xffffffc6 fr.pc=0x0000026a0bc5c97c relative=0x0000000000000d3c
Event: 31.741 Thread 0x0000026a66d4b630 Uncommon trap: reason=bimorphic_or_optimized_type_check action=maybe_recompile pc=0x0000026a0bc5c97c method=kotlin.text.StringsKt__AppendableKt.appendElement(Ljava/lang/Appendable;Ljava/lang/Object;Lkotlin/jvm/functions/Function1;)V @ 15 c2
Event: 31.741 Thread 0x0000026a66d4b630 DEOPT PACKING pc=0x0000026a0bc5c97c sp=0x000000b0e89faeb0
Event: 31.741 Thread 0x0000026a66d4b630 DEOPT UNPACKING pc=0x0000026a0a5e4422 sp=0x000000b0e89fae78 mode 2
Event: 31.741 Thread 0x0000026a66d4b630 Uncommon trap: trap_request=0xffffffc6 fr.pc=0x0000026a0bc5c97c relative=0x0000000000000d3c
Event: 31.741 Thread 0x0000026a66d4b630 Uncommon trap: reason=bimorphic_or_optimized_type_check action=maybe_recompile pc=0x0000026a0bc5c97c method=kotlin.text.StringsKt__AppendableKt.appendElement(Ljava/lang/Appendable;Ljava/lang/Object;Lkotlin/jvm/functions/Function1;)V @ 15 c2
Event: 31.741 Thread 0x0000026a66d4b630 DEOPT PACKING pc=0x0000026a0bc5c97c sp=0x000000b0e89fae50
Event: 31.741 Thread 0x0000026a66d4b630 DEOPT UNPACKING pc=0x0000026a0a5e4422 sp=0x000000b0e89fae18 mode 2
Event: 31.745 Thread 0x0000026a66d4b630 Uncommon trap: trap_request=0xffffff66 fr.pc=0x0000026a0bb77ea0 relative=0x0000000000000960
Event: 31.745 Thread 0x0000026a66d4b630 Uncommon trap: reason=speculate_class_check action=maybe_recompile pc=0x0000026a0bb77ea0 method=org.jetbrains.kotlin.fir.types.ConeAttributes.remove(Lkotlin/reflect/KClass;)Lorg/jetbrains/kotlin/fir/types/ConeAttributes; @ 46 c2
Event: 31.745 Thread 0x0000026a66d4b630 DEOPT PACKING pc=0x0000026a0bb77ea0 sp=0x000000b0e89fbde0
Event: 31.745 Thread 0x0000026a66d4b630 DEOPT UNPACKING pc=0x0000026a0a5e4422 sp=0x000000b0e89fbd80 mode 2
Event: 31.745 Thread 0x0000026a66d4b630 Uncommon trap: trap_request=0xffffff66 fr.pc=0x0000026a0bb77ea0 relative=0x0000000000000960
Event: 31.745 Thread 0x0000026a66d4b630 Uncommon trap: reason=speculate_class_check action=maybe_recompile pc=0x0000026a0bb77ea0 method=org.jetbrains.kotlin.fir.types.ConeAttributes.remove(Lkotlin/reflect/KClass;)Lorg/jetbrains/kotlin/fir/types/ConeAttributes; @ 46 c2
Event: 31.745 Thread 0x0000026a66d4b630 DEOPT PACKING pc=0x0000026a0bb77ea0 sp=0x000000b0e89fbde0
Event: 31.745 Thread 0x0000026a66d4b630 DEOPT UNPACKING pc=0x0000026a0a5e4422 sp=0x000000b0e89fbd80 mode 2
Event: 31.746 Thread 0x0000026a66d4b630 Uncommon trap: trap_request=0xffffffc6 fr.pc=0x0000026a0bb961c0 relative=0x00000000000000a0
Event: 31.746 Thread 0x0000026a66d4b630 Uncommon trap: reason=bimorphic_or_optimized_type_check action=maybe_recompile pc=0x0000026a0bb961c0 method=org.jetbrains.kotlin.util.AbstractArrayMapOwner.isEmpty()Z @ 4 c2
Event: 31.746 Thread 0x0000026a66d4b630 DEOPT PACKING pc=0x0000026a0bb961c0 sp=0x000000b0e89fbd90
Event: 31.746 Thread 0x0000026a66d4b630 DEOPT UNPACKING pc=0x0000026a0a5e4422 sp=0x000000b0e89fbd20 mode 2

Classes loaded (20 events):
Event: 18.707 Loading class java/text/StringCharacterIterator
Event: 18.708 Loading class java/text/CharacterIterator
Event: 18.708 Loading class java/text/CharacterIterator done
Event: 18.708 Loading class java/text/StringCharacterIterator done
Event: 18.884 Loading class java/util/AbstractList$SubList
Event: 18.884 Loading class java/util/AbstractList$SubList done
Event: 18.884 Loading class java/util/AbstractList$SubList$1
Event: 18.884 Loading class java/util/AbstractList$SubList$1 done
Event: 20.230 Loading class java/util/AbstractList$RandomAccessSubList
Event: 20.231 Loading class java/util/AbstractList$RandomAccessSubList done
Event: 20.484 Loading class java/beans/PropertyChangeSupport
Event: 20.484 Loading class java/beans/PropertyChangeSupport done
Event: 20.484 Loading class java/beans/PropertyChangeSupport$PropertyChangeListenerMap
Event: 20.484 Loading class java/beans/ChangeListenerMap
Event: 20.485 Loading class java/beans/ChangeListenerMap done
Event: 20.485 Loading class java/beans/PropertyChangeSupport$PropertyChangeListenerMap done
Event: 26.336 Loading class java/text/MessageFormat
Event: 26.337 Loading class java/text/MessageFormat done
Event: 26.373 Loading class java/text/ChoiceFormat
Event: 26.373 Loading class java/text/ChoiceFormat done

Classes unloaded (0 events):
No events

Classes redefined (0 events):
No events

Internal exceptions (20 events):
Event: 28.245 Thread 0x0000026a66d4b630 Exception <a 'java/lang/NoSuchMethodError'{0x0000000719a482c8}: 'java.lang.Object java.lang.invoke.DirectMethodHandle$Holder.invokeStatic(java.lang.Object, java.lang.Object, int, java.lang.Object, java.lang.Object, java.lang.Object, java.lang.Object, java.lang.Object)'> (0x0000000719a482c8) 
thrown [s\src\hotspot\share\interpreter\linkResolver.cpp, line 773]
Event: 28.245 Thread 0x0000026a66d4b630 Exception <a 'java/lang/NoSuchMethodError'{0x0000000719a51070}: 'java.lang.Object java.lang.invoke.DirectMethodHandle$Holder.newInvokeSpecial(java.lang.Object, java.lang.Object, int, java.lang.Object, java.lang.Object, java.lang.Object)'> (0x0000000719a51070) 
thrown [s\src\hotspot\share\interpreter\linkResolver.cpp, line 773]
Event: 28.245 Thread 0x0000026a66d4b630 Exception <a 'java/lang/NoSuchMethodError'{0x0000000719a54e38}: 'java.lang.Object java.lang.invoke.DirectMethodHandle$Holder.invokeSpecial(java.lang.Object, java.lang.Object, java.lang.Object, int, java.lang.Object, java.lang.Object, java.lang.Object)'> (0x0000000719a54e38) 
thrown [s\src\hotspot\share\interpreter\linkResolver.cpp, line 773]
Event: 28.245 Thread 0x0000026a66d4b630 Exception <a 'java/lang/NoSuchMethodError'{0x0000000719a58400}: 'java.lang.Object java.lang.invoke.Invokers$Holder.linkToTargetMethod(java.lang.Object, int, java.lang.Object, java.lang.Object, java.lang.Object, java.lang.Object)'> (0x0000000719a58400) 
thrown [s\src\hotspot\share\interpreter\linkResolver.cpp, line 773]
Event: 29.066 Thread 0x0000026a66d4b630 Exception <a 'java/lang/NoSuchMethodError'{0x00000007fdd2e288}: 'java.lang.Object java.lang.invoke.DirectMethodHandle$Holder.newInvokeSpecial(java.lang.Object, java.lang.Object, java.lang.Object, java.lang.Object, java.lang.Object, java.lang.Object, java.lang.Object, java.lang.Object, int)'> (0x00000007fdd2e288) 
thrown [s\src\hotspot\share\interpreter\linkResolver.cpp, line 773]
Event: 29.066 Thread 0x0000026a66d4b630 Exception <a 'java/lang/NoSuchMethodError'{0x00000007fdd32f70}: 'java.lang.Object java.lang.invoke.DirectMethodHandle$Holder.invokeSpecial(java.lang.Object, java.lang.Object, java.lang.Object, java.lang.Object, java.lang.Object, java.lang.Object, java.lang.Object, java.lang.Object, java.lang.Object, int)'> (0x00000007fdd32f70) 
thrown [s\src\hotspot\share\interpreter\linkResolver.cpp, line 773]
Event: 29.066 Thread 0x0000026a66d4b630 Exception <a 'java/lang/NoSuchMethodError'{0x00000007fdd37358}: 'java.lang.Object java.lang.invoke.Invokers$Holder.linkToTargetMethod(java.lang.Object, java.lang.Object, java.lang.Object, java.lang.Object, java.lang.Object, java.lang.Object, java.lang.Object, int, java.lang.Object)'> (0x00000007fdd37358) 
thrown [s\src\hotspot\share\interpreter\linkResolver.cpp, line 773]
Event: 29.233 Thread 0x0000026a66d4b630 Implicit null exception at 0x0000026a0bdce5ee to 0x0000026a0bdcf0d0
Event: 29.260 Thread 0x0000026a66d4b630 Exception <a 'java/lang/NoSuchMethodError'{0x000000071f289570}: 'java.lang.Object java.lang.invoke.DirectMethodHandle$Holder.invokeStatic(java.lang.Object, java.lang.Object, int, int)'> (0x000000071f289570) 
thrown [s\src\hotspot\share\interpreter\linkResolver.cpp, line 773]
Event: 29.516 Thread 0x0000026a66d4b630 Exception <a 'java/lang/NoSuchMethodError'{0x000000071e2f6678}: 'java.lang.Object java.lang.invoke.DirectMethodHandle$Holder.newInvokeSpecial(java.lang.Object, java.lang.Object, java.lang.Object, java.lang.Object, java.lang.Object, java.lang.Object, java.lang.Object, int)'> (0x000000071e2f6678) 
thrown [s\src\hotspot\share\interpreter\linkResolver.cpp, line 773]
Event: 29.517 Thread 0x0000026a66d4b630 Exception <a 'java/lang/NoSuchMethodError'{0x000000071e2fac48}: 'java.lang.Object java.lang.invoke.DirectMethodHandle$Holder.invokeSpecial(java.lang.Object, java.lang.Object, java.lang.Object, java.lang.Object, java.lang.Object, java.lang.Object, java.lang.Object, java.lang.Object, int)'> (0x000000071e2fac48) 
thrown [s\src\hotspot\share\interpreter\linkResolver.cpp, line 773]
Event: 29.517 Thread 0x0000026a66d4b630 Exception <a 'java/lang/NoSuchMethodError'{0x000000071e2feac0}: 'java.lang.Object java.lang.invoke.Invokers$Holder.linkToTargetMethod(java.lang.Object, java.lang.Object, java.lang.Object, java.lang.Object, java.lang.Object, java.lang.Object, int, java.lang.Object)'> (0x000000071e2feac0) 
thrown [s\src\hotspot\share\interpreter\linkResolver.cpp, line 773]
Event: 29.603 Thread 0x0000026a66d4b630 Implicit null exception at 0x0000026a0b97731e to 0x0000026a0b977b2c
Event: 29.946 Thread 0x0000026a66d4b630 Implicit null exception at 0x0000026a0ae0a1f1 to 0x0000026a0ae0a3e8
Event: 30.052 Thread 0x0000026a66d4b630 Implicit null exception at 0x0000026a0b3292d8 to 0x0000026a0b32934d
Event: 30.167 Thread 0x0000026a66d4b630 Implicit null exception at 0x0000026a0b004c0f to 0x0000026a0b0050a4
Event: 30.479 Thread 0x0000026a66d4b630 Implicit null exception at 0x0000026a0bca928e to 0x0000026a0bca9ab4
Event: 30.704 Thread 0x0000026a66d4b630 Implicit null exception at 0x0000026a0bfea73c to 0x0000026a0bfea864
Event: 30.704 Thread 0x0000026a66d4b630 Implicit null exception at 0x0000026a0bfd8ebc to 0x0000026a0bfd8fa0
Event: 31.469 Thread 0x0000026a66d4b630 Implicit null exception at 0x0000026a0c11fae0 to 0x0000026a0c11fb75

ZGC Phase Switch (0 events):
No events

VM Operations (20 events):
Event: 31.114 Executing non-safepoint VM operation: HandshakeAllThreads (Deoptimize) done
Event: 31.141 Executing non-safepoint VM operation: HandshakeAllThreads (Deoptimize)
Event: 31.141 Executing non-safepoint VM operation: HandshakeAllThreads (Deoptimize) done
Event: 31.145 Executing non-safepoint VM operation: HandshakeAllThreads (Deoptimize)
Event: 31.145 Executing non-safepoint VM operation: HandshakeAllThreads (Deoptimize) done
Event: 31.165 Executing safepoint VM operation: ICBufferFull
Event: 31.166 Executing safepoint VM operation: ICBufferFull done
Event: 31.172 Executing non-safepoint VM operation: HandshakeAllThreads (Deoptimize)
Event: 31.172 Executing non-safepoint VM operation: HandshakeAllThreads (Deoptimize) done
Event: 31.258 Executing safepoint VM operation: ICBufferFull
Event: 31.258 Executing safepoint VM operation: ICBufferFull done
Event: 31.390 Executing non-safepoint VM operation: HandshakeAllThreads (Deoptimize)
Event: 31.390 Executing non-safepoint VM operation: HandshakeAllThreads (Deoptimize) done
Event: 31.469 Executing safepoint VM operation: ICBufferFull
Event: 31.469 Executing safepoint VM operation: ICBufferFull done
Event: 31.523 Executing safepoint VM operation: ICBufferFull
Event: 31.523 Executing safepoint VM operation: ICBufferFull done
Event: 31.585 Executing safepoint VM operation: G1TryInitiateConcMark (CodeCache GC Threshold)
Event: 31.597 Executing safepoint VM operation: G1TryInitiateConcMark (CodeCache GC Threshold) done
Event: 31.793 Executing safepoint VM operation: G1PauseRemark

Memory protections (0 events):
No events

Nmethod flushes (20 events):
Event: 31.818 Thread 0x0000026a19e859f0 flushing  nmethod 0x0000026a04bba190
Event: 31.818 Thread 0x0000026a19e859f0 flushing  nmethod 0x0000026a04bbab90
Event: 31.818 Thread 0x0000026a19e859f0 flushing  nmethod 0x0000026a04d40e10
Event: 31.818 Thread 0x0000026a19e859f0 flushing  nmethod 0x0000026a050d7290
Event: 31.818 Thread 0x0000026a19e859f0 flushing  nmethod 0x0000026a05a98c90
Event: 31.818 Thread 0x0000026a19e859f0 flushing  nmethod 0x0000026a05bb6210
Event: 31.818 Thread 0x0000026a19e859f0 flushing  nmethod 0x0000026a0600ab90
Event: 31.818 Thread 0x0000026a19e859f0 flushing  nmethod 0x0000026a06026d90
Event: 31.818 Thread 0x0000026a19e859f0 flushing  nmethod 0x0000026a06029610
Event: 31.818 Thread 0x0000026a19e859f0 flushing  nmethod 0x0000026a063c0e10
Event: 31.818 Thread 0x0000026a19e859f0 flushing  nmethod 0x0000026a06709810
Event: 31.818 Thread 0x0000026a19e859f0 flushing  nmethod 0x0000026a06711b90
Event: 31.818 Thread 0x0000026a19e859f0 flushing  nmethod 0x0000026a06711f90
Event: 31.818 Thread 0x0000026a19e859f0 flushing  nmethod 0x0000026a067c1990
Event: 31.818 Thread 0x0000026a19e859f0 flushing  nmethod 0x0000026a067d4610
Event: 31.818 Thread 0x0000026a19e859f0 flushing  nmethod 0x0000026a06b9ca90
Event: 31.818 Thread 0x0000026a19e859f0 flushing  nmethod 0x0000026a07011d10
Event: 31.818 Thread 0x0000026a19e859f0 flushing  nmethod 0x0000026a07022b10
Event: 31.818 Thread 0x0000026a19e859f0 flushing  nmethod 0x0000026a07034390
Event: 31.818 Thread 0x0000026a19e859f0 flushing  nmethod 0x0000026a072f5310

Events (20 events):
Event: 13.536 Thread 0x0000026a64e8b090 Thread added: 0x0000026a64e8eba0
Event: 13.820 Thread 0x0000026a64e8b090 Thread added: 0x0000026a65604ca0
Event: 13.828 Thread 0x0000026a64e8b090 Thread added: 0x0000026a63113b10
Event: 14.190 Thread 0x0000026a66288000 Thread exited: 0x0000026a66288000
Event: 14.257 Thread 0x0000026a64e8b090 Thread added: 0x0000026a64e8e510
Event: 14.519 Thread 0x0000026a19eb7010 Thread added: 0x0000026a66288000
Event: 14.701 Thread 0x0000026a64e8b090 Thread added: 0x0000026a66d4eab0
Event: 14.730 Thread 0x0000026a66d4eab0 Thread added: 0x0000026a66d4b630
Event: 14.732 Thread 0x0000026a64e8aa00 Thread added: 0x0000026a66d4d700
Event: 15.104 Thread 0x0000026a64e8aa00 Thread added: 0x0000026a66d4bcc0
Event: 15.237 Thread 0x0000026a66288000 Thread exited: 0x0000026a66288000
Event: 15.553 Thread 0x0000026a19eb4060 Thread added: 0x0000026a68e647a0
Event: 16.192 Thread 0x0000026a68e647a0 Thread exited: 0x0000026a68e647a0
Event: 16.198 Thread 0x0000026a6623cef0 Thread exited: 0x0000026a6623cef0
Event: 16.198 Thread 0x0000026a66240570 Thread exited: 0x0000026a66240570
Event: 16.270 Thread 0x0000026a19eb4060 Thread added: 0x0000026a66282e40
Event: 16.270 Thread 0x0000026a19eb4060 Thread added: 0x0000026a66288000
Event: 16.271 Thread 0x0000026a19eb7010 Thread added: 0x0000026a6623cef0
Event: 18.398 Thread 0x0000026a6623cef0 Thread exited: 0x0000026a6623cef0
Event: 31.004 Thread 0x0000026a61cc05b0 Thread added: 0x0000026a66f1b2f0


Dynamic libraries:
0x00007ff758130000 - 0x00007ff75813e000 	C:\Users\David Tembhare\.antigravity-ide\extensions\redhat.java-1.56.0-win32-x64\jre\21.0.12.1-win32-x86_64\bin\java.exe
0x00007ff9c5de0000 - 0x00007ff9c6047000 	C:\WINDOWS\SYSTEM32\ntdll.dll
0x00007ff9c4510000 - 0x00007ff9c45db000 	C:\WINDOWS\System32\KERNEL32.DLL
0x00007ff9c3640000 - 0x00007ff9c3a42000 	C:\WINDOWS\System32\KERNELBASE.dll
0x00007ff9c31a0000 - 0x00007ff9c32ec000 	C:\WINDOWS\System32\ucrtbase.dll
0x00007ff975790000 - 0x00007ff9757ae000 	C:\Users\David Tembhare\.antigravity-ide\extensions\redhat.java-1.56.0-win32-x64\jre\21.0.12.1-win32-x86_64\bin\VCRUNTIME140.dll
0x00007ff92c750000 - 0x00007ff92c768000 	C:\Users\David Tembhare\.antigravity-ide\extensions\redhat.java-1.56.0-win32-x64\jre\21.0.12.1-win32-x86_64\bin\jli.dll
0x00007ff9c5010000 - 0x00007ff9c51df000 	C:\WINDOWS\System32\USER32.dll
0x00007ff9c3610000 - 0x00007ff9c3637000 	C:\WINDOWS\System32\win32u.dll
0x00007ff9c4be0000 - 0x00007ff9c4c0b000 	C:\WINDOWS\System32\GDI32.dll
0x00007ff9c3070000 - 0x00007ff9c3199000 	C:\WINDOWS\System32\gdi32full.dll
0x00007ff9c3a50000 - 0x00007ff9c3af3000 	C:\WINDOWS\System32\msvcp_win.dll
0x00007ff997ed0000 - 0x00007ff998160000 	C:\WINDOWS\WinSxS\amd64_microsoft.windows.common-controls_6595b64144ccf1df_6.0.26100.9278_none_3e0d1ba8e3303201\COMCTL32.dll
0x00007ff9c3b00000 - 0x00007ff9c3ba9000 	C:\WINDOWS\System32\msvcrt.dll
0x00007ff9c4830000 - 0x00007ff9c4861000 	C:\WINDOWS\System32\IMM32.DLL
0x00007ff9bac80000 - 0x00007ff9bac8c000 	C:\Users\David Tembhare\.antigravity-ide\extensions\redhat.java-1.56.0-win32-x64\jre\21.0.12.1-win32-x86_64\bin\vcruntime140_1.dll
0x00007ff924770000 - 0x00007ff9247fd000 	C:\Users\David Tembhare\.antigravity-ide\extensions\redhat.java-1.56.0-win32-x64\jre\21.0.12.1-win32-x86_64\bin\msvcp140.dll
0x00007ff8c89f0000 - 0x00007ff8c9792000 	C:\Users\David Tembhare\.antigravity-ide\extensions\redhat.java-1.56.0-win32-x64\jre\21.0.12.1-win32-x86_64\bin\server\jvm.dll
0x00007ff9c5530000 - 0x00007ff9c55ec000 	C:\WINDOWS\System32\ADVAPI32.dll
0x00007ff9c53e0000 - 0x00007ff9c5489000 	C:\WINDOWS\System32\sechost.dll
0x00007ff9c43f0000 - 0x00007ff9c4508000 	C:\WINDOWS\System32\RPCRT4.dll
0x00007ff9c54a0000 - 0x00007ff9c5520000 	C:\WINDOWS\System32\WS2_32.dll
0x00007ff9c1ae0000 - 0x00007ff9c1b3e000 	C:\WINDOWS\SYSTEM32\POWRPROF.dll
0x00007ff9b00f0000 - 0x00007ff9b00fb000 	C:\WINDOWS\SYSTEM32\VERSION.dll
0x00007ff9b79b0000 - 0x00007ff9b79e6000 	C:\WINDOWS\SYSTEM32\WINMM.dll
0x00007ff9c1ac0000 - 0x00007ff9c1ad5000 	C:\WINDOWS\SYSTEM32\UMPDC.dll
0x00007ff9c1db0000 - 0x00007ff9c1dcb000 	C:\WINDOWS\SYSTEM32\kernel.appcore.dll
0x00007ff9bac60000 - 0x00007ff9bac6a000 	C:\Users\David Tembhare\.antigravity-ide\extensions\redhat.java-1.56.0-win32-x64\jre\21.0.12.1-win32-x86_64\bin\jimage.dll
0x00007ff9c06c0000 - 0x00007ff9c090c000 	C:\WINDOWS\SYSTEM32\DBGHELP.DLL
0x00007ff9c4c10000 - 0x00007ff9c4f95000 	C:\WINDOWS\System32\combase.dll
0x00007ff9c4ae0000 - 0x00007ff9c4bb9000 	C:\WINDOWS\System32\OLEAUT32.dll
0x00007ff98f4b0000 - 0x00007ff98f4eb000 	C:\WINDOWS\SYSTEM32\dbgcore.DLL
0x00007ff9c3300000 - 0x00007ff9c33ac000 	C:\WINDOWS\System32\bcryptPrimitives.dll
0x00007ff9affa0000 - 0x00007ff9affaf000 	C:\Users\David Tembhare\.antigravity-ide\extensions\redhat.java-1.56.0-win32-x64\jre\21.0.12.1-win32-x86_64\bin\instrument.dll
0x00007ff928560000 - 0x00007ff928580000 	C:\Users\David Tembhare\.antigravity-ide\extensions\redhat.java-1.56.0-win32-x64\jre\21.0.12.1-win32-x86_64\bin\java.dll
0x00007ff9c3bb0000 - 0x00007ff9c4348000 	C:\WINDOWS\System32\SHELL32.dll
0x00007ff9c0a40000 - 0x00007ff9c12ee000 	C:\WINDOWS\SYSTEM32\windows.storage.dll
0x00007ff9c4730000 - 0x00007ff9c482b000 	C:\WINDOWS\System32\SHCORE.dll
0x00007ff9c4fa0000 - 0x00007ff9c5006000 	C:\WINDOWS\System32\shlwapi.dll
0x00007ff9c2f00000 - 0x00007ff9c2f29000 	C:\WINDOWS\SYSTEM32\profapi.dll
0x00007ff924750000 - 0x00007ff924768000 	C:\Users\David Tembhare\.antigravity-ide\extensions\redhat.java-1.56.0-win32-x64\jre\21.0.12.1-win32-x86_64\bin\zip.dll
0x00007ff9ad960000 - 0x00007ff9ad970000 	C:\Users\David Tembhare\.antigravity-ide\extensions\redhat.java-1.56.0-win32-x64\jre\21.0.12.1-win32-x86_64\bin\net.dll
0x00007ff9b09c0000 - 0x00007ff9b0aea000 	C:\WINDOWS\SYSTEM32\WINHTTP.dll
0x00007ff9c2390000 - 0x00007ff9c23fc000 	C:\WINDOWS\system32\mswsock.dll
0x00007ff9234f0000 - 0x00007ff923506000 	C:\Users\David Tembhare\.antigravity-ide\extensions\redhat.java-1.56.0-win32-x64\jre\21.0.12.1-win32-x86_64\bin\nio.dll
0x00007ff9abd70000 - 0x00007ff9abd80000 	C:\Users\David Tembhare\.antigravity-ide\extensions\redhat.java-1.56.0-win32-x64\jre\21.0.12.1-win32-x86_64\bin\verify.dll
0x00007ff975a90000 - 0x00007ff975ab7000 	C:\Users\David Tembhare\.gradle\native\660c5614fbf4a5f2a75b1949f50a0caf5cd603558e7d8a26e50b933a0cfb79d1\windows-amd64\native-platform.dll
0x00007ff9030b0000 - 0x00007ff903127000 	C:\Users\David Tembhare\.gradle\native\0.2.8\x86_64-windows-gnu\gradle-fileevents.dll
0x00007ff98dbe0000 - 0x00007ff98dbea000 	C:\Users\David Tembhare\.antigravity-ide\extensions\redhat.java-1.56.0-win32-x64\jre\21.0.12.1-win32-x86_64\bin\management.dll
0x00007ff98b7b0000 - 0x00007ff98b7bc000 	C:\Users\David Tembhare\.antigravity-ide\extensions\redhat.java-1.56.0-win32-x64\jre\21.0.12.1-win32-x86_64\bin\management_ext.dll
0x00007ff9c4bc0000 - 0x00007ff9c4bc8000 	C:\WINDOWS\System32\PSAPI.DLL
0x00007ff9c16c0000 - 0x00007ff9c16f3000 	C:\WINDOWS\SYSTEM32\IPHLPAPI.DLL
0x00007ff9c4bd0000 - 0x00007ff9c4bda000 	C:\WINDOWS\System32\NSI.dll
0x00007ff988e20000 - 0x00007ff988e29000 	C:\Users\David Tembhare\.antigravity-ide\extensions\redhat.java-1.56.0-win32-x64\jre\21.0.12.1-win32-x86_64\bin\extnet.dll
0x00007ff9c2680000 - 0x00007ff9c269b000 	C:\WINDOWS\SYSTEM32\CRYPTSP.dll
0x00007ff9c1d10000 - 0x00007ff9c1d49000 	C:\WINDOWS\system32\rsaenh.dll
0x00007ff9c2440000 - 0x00007ff9c2474000 	C:\WINDOWS\SYSTEM32\USERENV.dll
0x00007ff9c2ed0000 - 0x00007ff9c2efa000 	C:\WINDOWS\SYSTEM32\bcrypt.dll
0x00007ff9c26a0000 - 0x00007ff9c26ac000 	C:\WINDOWS\SYSTEM32\CRYPTBASE.dll
0x00007ff97f1b0000 - 0x00007ff97f1be000 	C:\Users\David Tembhare\.antigravity-ide\extensions\redhat.java-1.56.0-win32-x64\jre\21.0.12.1-win32-x86_64\bin\sunmscapi.dll
0x00007ff9c3480000 - 0x00007ff9c35fe000 	C:\WINDOWS\System32\CRYPT32.dll
0x00007ff9c28c0000 - 0x00007ff9c28f0000 	C:\WINDOWS\SYSTEM32\ncrypt.dll
0x00007ff9c2870000 - 0x00007ff9c28af000 	C:\WINDOWS\SYSTEM32\NTASN1.dll
0x00007ff988b70000 - 0x00007ff988b78000 	C:\WINDOWS\system32\wshunix.dll
0x00007ff9bcf20000 - 0x00007ff9bcfbf000 	C:\WINDOWS\system32\apphelp.dll

JVMTI agents:
C:\Users\David Tembhare\.gradle\wrapper\dists\gradle-9.3.1-bin\23ovyewtku6u96viwx3xl3oks\gradle-9.3.1\lib\agents\gradle-instrumentation-agent-9.3.1.jar path:C:\Users\David Tembhare\.antigravity-ide\extensions\redhat.java-1.56.0-win32-x64\jre\21.0.12.1-win32-x86_64\bin\instrument.dll, loaded, initialized, instrumentlib options:none

dbghelp: loaded successfully - version: 4.0.5 - missing functions: none
symbol engine: initialized successfully - sym options: 0x614 - pdb path: .;C:\Users\David Tembhare\.antigravity-ide\extensions\redhat.java-1.56.0-win32-x64\jre\21.0.12.1-win32-x86_64\bin;C:\WINDOWS\SYSTEM32;C:\WINDOWS\WinSxS\amd64_microsoft.windows.common-controls_6595b64144ccf1df_6.0.26100.9278_none_3e0d1ba8e3303201;C:\Users\David Tembhare\.antigravity-ide\extensions\redhat.java-1.56.0-win32-x64\jre\21.0.12.1-win32-x86_64\bin\server;C:\Users\David Tembhare\.gradle\native\660c5614fbf4a5f2a75b1949f50a0caf5cd603558e7d8a26e50b933a0cfb79d1\windows-amd64;C:\Users\David Tembhare\.gradle\native\0.2.8\x86_64-windows-gnu

VM Arguments:
jvm_args: --add-opens=java.base/java.lang=ALL-UNNAMED --add-opens=java.base/java.lang.invoke=ALL-UNNAMED --add-opens=java.base/java.util=ALL-UNNAMED --add-opens=java.prefs/java.util.prefs=ALL-UNNAMED --add-exports=jdk.compiler/com.sun.tools.javac.api=ALL-UNNAMED --add-exports=jdk.compiler/com.sun.tools.javac.util=ALL-UNNAMED --add-opens=java.base/java.util=ALL-UNNAMED --add-opens=java.prefs/java.util.prefs=ALL-UNNAMED --add-opens=java.base/java.nio.charset=ALL-UNNAMED --add-opens=java.base/java.net=ALL-UNNAMED --add-opens=java.base/java.util.concurrent=ALL-UNNAMED --add-opens=java.base/java.util.concurrent.atomic=ALL-UNNAMED --add-opens=java.xml/javax.xml.namespace=ALL-UNNAMED --add-opens=java.base/java.time=ALL-UNNAMED -Xmx4g -Dfile.encoding=UTF-8 -Duser.country=US -Duser.language=en -Duser.variant -javaagent:C:\Users\David Tembhare\.gradle\wrapper\dists\gradle-9.3.1-bin\23ovyewtku6u96viwx3xl3oks\gradle-9.3.1\lib\agents\gradle-instrumentation-agent-9.3.1.jar 
java_command: org.gradle.launcher.daemon.bootstrap.GradleDaemon 9.3.1
java_class_path (initial): C:\Users\David Tembhare\.gradle\wrapper\dists\gradle-9.3.1-bin\23ovyewtku6u96viwx3xl3oks\gradle-9.3.1\lib\gradle-daemon-main-9.3.1.jar
Launcher Type: SUN_STANDARD

[Global flags]
     intx CICompilerCount                          = 12                                        {product} {ergonomic}
     uint ConcGCThreads                            = 3                                         {product} {ergonomic}
     uint G1ConcRefinementThreads                  = 13                                        {product} {ergonomic}
   size_t G1HeapRegionSize                         = 2097152                                   {product} {ergonomic}
    uintx GCDrainStackTargetSize                   = 64                                        {product} {ergonomic}
   size_t InitialHeapSize                          = 264241152                                 {product} {ergonomic}
   size_t MarkStackSize                            = 4194304                                   {product} {ergonomic}
   size_t MaxHeapSize                              = 4294967296                                {product} {command line}
   size_t MaxNewSize                               = 2575302656                                {product} {ergonomic}
   size_t MinHeapDeltaBytes                        = 2097152                                   {product} {ergonomic}
   size_t MinHeapSize                              = 8388608                                   {product} {ergonomic}
    uintx NonNMethodCodeHeapSize                   = 7602480                                {pd product} {ergonomic}
    uintx NonProfiledCodeHeapSize                  = 122027880                              {pd product} {ergonomic}
    uintx ProfiledCodeHeapSize                     = 122027880                              {pd product} {ergonomic}
    uintx ReservedCodeCacheSize                    = 251658240                              {pd product} {ergonomic}
     bool SegmentedCodeCache                       = true                                      {product} {ergonomic}
   size_t SoftMaxHeapSize                          = 4294967296                             {manageable} {ergonomic}
     bool UseCompressedOops                        = true                           {product lp64_product} {ergonomic}
     bool UseG1GC                                  = true                                      {product} {ergonomic}
     bool UseLargePagesIndividualAllocation        = false                                  {pd product} {ergonomic}

Logging:
Log output configuration:
 #0: stdout all=warning uptime,level,tags foldmultilines=false
 #1: stderr all=off uptime,level,tags foldmultilines=false

Release file:
JAVA_VERSION="21.0.12.1" 
MODULES="java.base java.compiler java.datatransfer java.xml java.prefs java.desktop java.instrument java.logging java.management java.security.sasl java.naming java.rmi java.management.rmi java.net.http java.scripting java.security.jgss java.transaction.xa java.sql java.sql.rowset java.xml.crypto java.se java.smartcardio jdk.accessibility jdk.internal.jvmstat jdk.attach jdk.charsets jdk.internal.opt jdk.zipfs jdk.compiler jdk.crypto.ec jdk.crypto.cryptoki jdk.crypto.mscapi jdk.dynalink jdk.internal.ed jdk.editpad jdk.hotspot.agent jdk.httpserver jdk.internal.le jdk.internal.vm.ci jdk.internal.vm.compiler jdk.internal.vm.compiler.management jdk.jartool jdk.javadoc jdk.jcmd jdk.management jdk.management.agent jdk.jconsole jdk.jdeps jdk.jdwp.agent jdk.jdi jdk.jfr jdk.jshell jdk.jsobject jdk.jstatd jdk.localedata jdk.management.jfr jdk.naming.dns jdk.naming.rmi jdk.net jdk.nio.mapmode jdk.random jdk.sctp jdk.security.auth jdk.security.jgss jdk.unsupported jdk.unsupported.desktop jdk.xml.dom" 

Environment Variables:
PATH=C:\Program Files\Common Files\Oracle\Java\javapath;C:\Program Files (x86)\Common Files\Oracle\Java\java8path;C:\Program Files (x86)\Common Files\Oracle\Java\javapath;C:\Windows\system32;C:\Windows;C:\Windows\System32\Wbem;C:\Windows\System32\WindowsPowerShell\v1.0\;C:\Windows\System32\OpenSSH\;C:\Program Files\Git\cmd;C:\Program Files (x86)\NVIDIA Corporation\PhysX\Common;C:\MinGW\bin;C:\WINDOWS\system32;C:\WINDOWS;C:\WINDOWS\System32\Wbem;C:\WINDOWS\System32\WindowsPowerShell\v1.0\;C:\WINDOWS\System32\OpenSSH\;C:\Program Files\NVIDIA Corporation\NVIDIA App\NvDLISR;C:\Program Files\nodejs\;C:\Program Files\dotnet\;C:\Program Files\MySQL\MySQL Server 8.0\bin;C:\Users\David Tembhare\flutter\bin;C:\Users\David Tembhare\cmdline-tools\bin;C:\Users\David Tembhare\.local\bin;C:\Program Files\Microsoft SQL Server\170\Tools\Binn\;C:\Program Files\Microsoft SQL Server\Client SDK\ODBC\170\Tools\Binn\;C:\Program Files (x86)\Windows Kits\10\Windows Performance Toolkit\;C:\Program Files\PostgreSQL\18\bin;;C:\Program Files\Docker\Docker\resources\bin;C:\Program Files (x86)\pcsuite\;C:\Program Files\k6\;C:\Users\David Tembhare\AppData\Local\pnpm\bin;C:\Users\David Tembhare\AppData\Local\Programs\Python\Python311\Scripts\;C:\Users\David Tembhare\AppData\Local\Programs\Python\Python311\;C:\Users\David Tembhare\.cargo\bin;C:\Program Files\MySQL\MySQL Shell 8.0\bin\;C:\Users\David Tembhare\AppData\Local\Programs\Python\Python313\Scripts\;C:\Users\David Tembhare\AppData\Local\Programs\Python\Python313\;C:\Users\David Tembhare\AppData\Local\Microsoft\WindowsApps;C:\MinGW\bin;C:\Users\David Tembhare\AppData\Local\Programs\Microsoft VS Code\bin;C:\Program Files\JetBrains\IntelliJ IDEA Community Edition 2024.3.5\bin;;C:\Program Files\JetBrains\IntelliJ IDEA 2024.3.5\bin;;C:\Users\David Tembhare\AppData\Roaming\npm;C:\Users\David Tembhare\.dotnet\tools;C:\Users\David Tembhare\AppData\Local\PowerToys\DSCModules\;C:\Program Files\MySQL\MySQL Server 8.0\bin;C:\Users\David Tembhare\AppData\Local\Programs\Antigravity\bin;C:\Users\David Tembhare\AppData\Local\Programs\Ollama;C:\Users\David Tembhare\AppData\Local\Programs\Antigravity IDE\bin
USERNAME=David Tembhare
OS=Windows_NT
PROCESSOR_IDENTIFIER=Intel64 Family 6 Model 186 Stepping 2, GenuineIntel
TMP=C:\Users\DAVIDT~1\AppData\Local\Temp
TEMP=C:\Users\DAVIDT~1\AppData\Local\Temp




Periodic native trim disabled

---------------  S Y S T E M  ---------------

OS:
 Windows 11 , 64 bit Build 26100 (10.0.26100.9444)
OS uptime: 0 days 13:37 hours
Hyper-V role detected

CPU: total 16 (initial active 16) (8 cores per cpu, 2 threads per core) family 6 model 186 stepping 2 microcode 0x5105, cx8, cmov, fxsr, ht, mmx, 3dnowpref, sse, sse2, sse3, ssse3, sse4.1, sse4.2, popcnt, lzcnt, tsc, tscinvbit, avx, avx2, aes, erms, clmul, bmi1, bmi2, adx, sha, fma, vzeroupper, clflush, clflushopt, clwb, hv, serialize, rdtscp, rdpid, fsrm, f16c, cet_ibt, cet_ss
Processor Information for the first 16 processors :
  Max Mhz: 2400, Current Mhz: 2400, Mhz Limit: 2400

Memory: 4k page, system-wide physical 16087M (469M free)
TotalPageFile size 24279M (AvailPageFile size 87M)
current process WorkingSet (physical memory assigned to process): 1104M, peak: 1106M
current process commit charge ("private bytes"): 1138M, peak: 1200M

vm_info: OpenJDK 64-Bit Server VM (21.0.12.1+1-LTS) for windows-amd64 JRE (21.0.12.1+1-LTS), built on 2026-08-18T00:00:00Z by "admin" with MS VC++ 17.12 (VS2022)

END.
