#
# There is insufficient memory for the Java Runtime Environment to continue.
# Native memory allocation (malloc) failed to allocate 1150176 bytes. Error detail: Chunk::new
# Possible reasons:
#   The system is out of physical RAM or swap space
#   This process is running with CompressedOops enabled, and the Java Heap may be blocking the growth of the native heap
# Possible solutions:
#   Reduce memory load on the system
#   Increase physical memory or swap space
#   Check if swap backing store is full
#   Decrease Java heap size (-Xmx/-Xms)
#   Decrease number of Java threads
#   Decrease Java thread stack sizes (-Xss)
#   Set larger code cache with -XX:ReservedCodeCacheSize=
#   JVM is running with Zero Based Compressed Oops mode in which the Java heap is
#     placed in the first 32GB address space. The Java Heap base address is the
#     maximum limit for the native heap growth. Please use -XX:HeapBaseMinAddress
#     to set the Java Heap base and to place the Java Heap above 32GB virtual address.
# This output file may be truncated or incomplete.
#
#  Out of Memory Error (arena.cpp:168), pid=8404, tid=3636
#
# JRE version: OpenJDK Runtime Environment (21.0.9) (build 21.0.9+-14787801-b1163.94)
# Java VM: OpenJDK 64-Bit Server VM (21.0.9+-14787801-b1163.94, mixed mode, tiered, compressed oops, compressed class ptrs, g1 gc, windows-amd64)
# No core dump will be written. Minidumps are not enabled by default on client versions of Windows
#

---------------  S U M M A R Y ------------

Command Line: --add-opens=java.base/java.lang=ALL-UNNAMED --add-opens=java.base/java.lang.invoke=ALL-UNNAMED --add-opens=java.base/java.util=ALL-UNNAMED --add-opens=java.prefs/java.util.prefs=ALL-UNNAMED --add-exports=jdk.compiler/com.sun.tools.javac.api=ALL-UNNAMED --add-exports=jdk.compiler/com.sun.tools.javac.util=ALL-UNNAMED --add-opens=java.base/java.util=ALL-UNNAMED --add-opens=java.prefs/java.util.prefs=ALL-UNNAMED --add-opens=java.base/java.nio.charset=ALL-UNNAMED --add-opens=java.base/java.net=ALL-UNNAMED --add-opens=java.base/java.util.concurrent=ALL-UNNAMED --add-opens=java.base/java.util.concurrent.atomic=ALL-UNNAMED --add-opens=java.xml/javax.xml.namespace=ALL-UNNAMED --add-opens=java.base/java.time=ALL-UNNAMED -Xmx4g -Dfile.encoding=UTF-8 -Duser.country=US -Duser.language=en -Duser.variant -javaagent:C:\Users\David Tembhare\.gradle\wrapper\dists\gradle-9.3.1-bin\23ovyewtku6u96viwx3xl3oks\gradle-9.3.1\lib\agents\gradle-instrumentation-agent-9.3.1.jar org.gradle.launcher.daemon.bootstrap.GradleDaemon 9.3.1

Host: 13th Gen Intel(R) Core(TM) i7-13620H, 16 cores, 15G,  Windows 11 , 64 bit Build 26100 (10.0.26100.9444)
Time: Fri Sep 11 15:46:28 2026 India Standard Time elapsed time: 92.006604 seconds (0d 0h 1m 32s)

---------------  T H R E A D  ---------------

Current thread (0x0000021e3d7eaf50):  JavaThread "C2 CompilerThread1" daemon [_thread_in_native, id=3636, stack(0x0000009c6b800000,0x0000009c6b900000) (1024K)]


Current CompileTask:
C2:92007 52060       4       javax.management.ObjectName::construct (1135 bytes)

Stack: [0x0000009c6b800000,0x0000009c6b900000]
Native frames: (J=compiled Java code, j=interpreted, Vv=VM code, C=native code)
V  [jvm.dll+0x6d6c99]
V  [jvm.dll+0x866b83]
V  [jvm.dll+0x8691ae]
V  [jvm.dll+0x869893]
V  [jvm.dll+0x280776]
V  [jvm.dll+0xc07cd]
V  [jvm.dll+0xc0d03]
V  [jvm.dll+0x3b986b]
V  [jvm.dll+0x3856a7]
V  [jvm.dll+0x384b1a]
V  [jvm.dll+0x249462]
V  [jvm.dll+0x248a31]
V  [jvm.dll+0x1c7344]
V  [jvm.dll+0x2581ae]
V  [jvm.dll+0x2566f6]
V  [jvm.dll+0x3f48a6]
V  [jvm.dll+0x80f118]
V  [jvm.dll+0x6d54ed]
C  [ucrtbase.dll+0x2cd30]
C  [KERNEL32.DLL+0x2cd87]
C  [ntdll.dll+0xacaec]


---------------  P R O C E S S  ---------------

Threads class SMR info:
_java_thread_list=0x0000021e3d4f7cf0, length=117, elements={
0x0000021e02169150, 0x0000021e1f0d55e0, 0x0000021e1f10c020, 0x0000021e1f10c690,
0x0000021e1f11d940, 0x0000021e1f11e5b0, 0x0000021e1f123420, 0x0000021e1f12be90,
0x0000021e1f1519b0, 0x0000021e1f167aa0, 0x0000021e1f474cd0, 0x0000021e25182eb0,
0x0000021e24ca14c0, 0x0000021e26151010, 0x0000021e24d4e2f0, 0x0000021e24c55950,
0x0000021e26127cb0, 0x0000021e2612b730, 0x0000021e2612cae0, 0x0000021e2612b0a0,
0x0000021e2612e520, 0x0000021e2612bdc0, 0x0000021e2612c450, 0x0000021e2612d170,
0x0000021e28f16dc0, 0x0000021e28f1a240, 0x0000021e28f18800, 0x0000021e28f17450,
0x0000021e28f17ae0, 0x0000021e28f1b5f0, 0x0000021e28f19bb0, 0x0000021e28f1c310,
0x0000021e28f19520, 0x0000021e28f1d030, 0x0000021e28f1d6c0, 0x0000021e28f1e3e0,
0x0000021e2c3ac0a0, 0x0000021e2c3ae170, 0x0000021e2c3ac730, 0x0000021e2c3adae0,
0x0000021e2c3acdc0, 0x0000021e2c3aee90, 0x0000021e2c3af520, 0x0000021e2c3ad450,
0x0000021e2c3ae800, 0x0000021e29f0ec10, 0x0000021e29f0c4b0, 0x0000021e29f0def0,
0x0000021e29f0e580, 0x0000021e29f0f2a0, 0x0000021e29f0be20, 0x0000021e29f0f930,
0x0000021e29f0d860, 0x0000021e29f0d1d0, 0x0000021e29f10ce0, 0x0000021e29f10650,
0x0000021e29f11370, 0x0000021e29f11a00, 0x0000021e29f12090, 0x0000021e29f12db0,
0x0000021e29f13440, 0x0000021e2c6469b0, 0x0000021e2c645600, 0x0000021e2c6476d0,
0x0000021e2c64b870, 0x0000021e2ce9c4d0, 0x0000021e2cea20b0, 0x0000021e2ce9f2c0,
0x0000021e2ce9ec30, 0x0000021e2cea1390, 0x0000021e2ce9df10, 0x0000021e1f70de00,
0x0000021e1f711910, 0x0000021e1f711fa0, 0x0000021e1f712630, 0x0000021e1f712cc0,
0x0000021e2c649e30, 0x0000021e2c64bf00, 0x0000021e2ce9ffe0, 0x0000021e2a6bb0f0,
0x0000021e2a6ba3d0, 0x0000021e2a6baa60, 0x0000021e2a6b96b0, 0x0000021e2a6bffb0,
0x0000021e2a6c0640, 0x0000021e2a6be570, 0x0000021e2a6bf290, 0x0000021e2a6bd850,
0x0000021e2a6bdee0, 0x0000021e29729e80, 0x0000021e297297f0, 0x0000021e2972a510,
0x0000021e2ab40bf0, 0x0000021e2ab3fed0, 0x0000021e2ab3eb20, 0x0000021e2ce9cb60,
0x0000021e2cea0670, 0x0000021e2d335a80, 0x0000021e2d334d60, 0x0000021e2d3381e0,
0x0000021e2ab41fa0, 0x0000021e2ab439e0, 0x0000021e2d33a940, 0x0000021e2a6bbe10,
0x0000021e2a6bc4a0, 0x0000021e2a6b9020, 0x0000021e2d33d0a0, 0x0000021e2d339c20,
0x0000021e2d33d730, 0x0000021e2d33ddc0, 0x0000021e2d33e450, 0x0000021e2d341f60,
0x0000021e1f30c200, 0x0000021e1f30bb30, 0x0000021e2d3418d0, 0x0000021e24f7e8b0,
0x0000021e3d7eaf50
}

Java Threads: ( => current thread )
  0x0000021e02169150 JavaThread "main"                              [_thread_blocked, id=13392, stack(0x0000009c65a00000,0x0000009c65b00000) (1024K)]
  0x0000021e1f0d55e0 JavaThread "Common-Cleaner"             daemon [_thread_blocked, id=24836, stack(0x0000009c66200000,0x0000009c66300000) (1024K)]
  0x0000021e1f10c020 JavaThread "Reference Handler"          daemon [_thread_blocked, id=22240, stack(0x0000009c66300000,0x0000009c66400000) (1024K)]
  0x0000021e1f10c690 JavaThread "Finalizer"                  daemon [_thread_blocked, id=6904, stack(0x0000009c66400000,0x0000009c66500000) (1024K)]
  0x0000021e1f11d940 JavaThread "Signal Dispatcher"          daemon [_thread_blocked, id=3740, stack(0x0000009c66500000,0x0000009c66600000) (1024K)]
  0x0000021e1f11e5b0 JavaThread "Attach Listener"            daemon [_thread_blocked, id=22624, stack(0x0000009c66600000,0x0000009c66700000) (1024K)]
  0x0000021e1f123420 JavaThread "Service Thread"             daemon [_thread_blocked, id=12488, stack(0x0000009c66700000,0x0000009c66800000) (1024K)]
  0x0000021e1f12be90 JavaThread "Monitor Deflation Thread"   daemon [_thread_blocked, id=19348, stack(0x0000009c66800000,0x0000009c66900000) (1024K)]
  0x0000021e1f1519b0 JavaThread "C2 CompilerThread0"         daemon [_thread_in_native, id=2888, stack(0x0000009c66900000,0x0000009c66a00000) (1024K)]
  0x0000021e1f167aa0 JavaThread "C1 CompilerThread0"         daemon [_thread_blocked, id=25340, stack(0x0000009c66a00000,0x0000009c66b00000) (1024K)]
  0x0000021e1f474cd0 JavaThread "Notification Thread"        daemon [_thread_blocked, id=25644, stack(0x0000009c66c00000,0x0000009c66d00000) (1024K)]
  0x0000021e25182eb0 JavaThread "Daemon health stats"               [_thread_blocked, id=24776, stack(0x0000009c67600000,0x0000009c67700000) (1024K)]
  0x0000021e24ca14c0 JavaThread "Incoming local TCP Connector on port 58381"        [_thread_in_native, id=23844, stack(0x0000009c67800000,0x0000009c67900000) (1024K)]
  0x0000021e26151010 JavaThread "Daemon periodic checks"            [_thread_blocked, id=11504, stack(0x0000009c67900000,0x0000009c67a00000) (1024K)]
  0x0000021e24d4e2f0 JavaThread "Daemon"                            [_thread_blocked, id=12428, stack(0x0000009c67a00000,0x0000009c67b00000) (1024K)]
  0x0000021e24c55950 JavaThread "Handler for socket connection from /127.0.0.1:58381 to /127.0.0.1:58382"        [_thread_in_native, id=15384, stack(0x0000009c67b00000,0x0000009c67c00000) (1024K)]
  0x0000021e26127cb0 JavaThread "Cancel handler"                    [_thread_blocked, id=20932, stack(0x0000009c68300000,0x0000009c68400000) (1024K)]
  0x0000021e2612b730 JavaThread "Daemon worker"                     [_thread_blocked, id=23816, stack(0x0000009c68400000,0x0000009c68500000) (1024K)]
  0x0000021e2612cae0 JavaThread "Asynchronous log dispatcher for DefaultDaemonConnection: socket connection from /127.0.0.1:58381 to /127.0.0.1:58382"        [_thread_blocked, id=15852, stack(0x0000009c68700000,0x0000009c68800000) (1024K)]
  0x0000021e2612b0a0 JavaThread "Stdin handler"                     [_thread_blocked, id=8000, stack(0x0000009c68800000,0x0000009c68900000) (1024K)]
  0x0000021e2612e520 JavaThread "Daemon client event forwarder"        [_thread_blocked, id=5696, stack(0x0000009c68900000,0x0000009c68a00000) (1024K)]
  0x0000021e2612bdc0 JavaThread "Cache worker for journal cache (C:\Users\David Tembhare\.gradle\caches\journal-1)"        [_thread_blocked, id=3308, stack(0x0000009c68a00000,0x0000009c68b00000) (1024K)]
  0x0000021e2612c450 JavaThread "File lock request listener"        [_thread_in_native, id=25036, stack(0x0000009c68b00000,0x0000009c68c00000) (1024K)]
  0x0000021e2612d170 JavaThread "Cache worker for file hash cache (C:\Users\David Tembhare\.gradle\caches\9.3.1\fileHashes)"        [_thread_blocked, id=23596, stack(0x0000009c68c00000,0x0000009c68d00000) (1024K)]
  0x0000021e28f16dc0 JavaThread "Cache worker for file hash cache (C:\Users\David Tembhare\Desktop\honey_chain\.gradle\9.3.1\fileHashes)"        [_thread_blocked, id=26232, stack(0x0000009c68e00000,0x0000009c68f00000) (1024K)]
  0x0000021e28f1a240 JavaThread "Cache worker for checksums cache (C:\Users\David Tembhare\Desktop\honey_chain\.gradle\9.3.1\checksums)"        [_thread_blocked, id=25000, stack(0x0000009c68f00000,0x0000009c69000000) (1024K)]
  0x0000021e28f18800 JavaThread "Cache worker for Build Output Cleanup Cache (C:\Users\David Tembhare\Desktop\honey_chain\.gradle\buildOutputCleanup)"        [_thread_blocked, id=1732, stack(0x0000009c69000000,0x0000009c69100000) (1024K)]
  0x0000021e28f17450 JavaThread "Cache worker for file content cache (C:\Users\David Tembhare\.gradle\caches\9.3.1\fileContent)"        [_thread_blocked, id=16524, stack(0x0000009c69100000,0x0000009c69200000) (1024K)]
  0x0000021e28f17ae0 JavaThread "File watcher server"        daemon [_thread_in_native, id=13416, stack(0x0000009c69200000,0x0000009c69300000) (1024K)]
  0x0000021e28f1b5f0 JavaThread "File watcher consumer"      daemon [_thread_blocked, id=23160, stack(0x0000009c69300000,0x0000009c69400000) (1024K)]
  0x0000021e28f19bb0 JavaThread "Cache worker for cache directory md-supplier (C:\Users\David Tembhare\.gradle\caches\9.3.1\md-supplier)"        [_thread_blocked, id=11084, stack(0x0000009c69400000,0x0000009c69500000) (1024K)]
  0x0000021e28f1c310 JavaThread "Cache worker for cache directory md-rule (C:\Users\David Tembhare\.gradle\caches\9.3.1\md-rule)"        [_thread_blocked, id=17576, stack(0x0000009c69500000,0x0000009c69600000) (1024K)]
  0x0000021e28f19520 JavaThread "jar transforms"                    [_thread_blocked, id=23200, stack(0x0000009c66d00000,0x0000009c66e00000) (1024K)]
  0x0000021e28f1d030 JavaThread "jar transforms Thread 2"           [_thread_blocked, id=11948, stack(0x0000009c66e00000,0x0000009c66f00000) (1024K)]
  0x0000021e28f1d6c0 JavaThread "jar transforms Thread 3"           [_thread_blocked, id=3428, stack(0x0000009c69900000,0x0000009c69a00000) (1024K)]
  0x0000021e28f1e3e0 JavaThread "Unconstrained build operations"        [_thread_blocked, id=26568, stack(0x0000009c69800000,0x0000009c69900000) (1024K)]
  0x0000021e2c3ac0a0 JavaThread "Unconstrained build operations Thread 2"        [_thread_blocked, id=23068, stack(0x0000009c69a00000,0x0000009c69b00000) (1024K)]
  0x0000021e2c3ae170 JavaThread "Unconstrained build operations Thread 3"        [_thread_blocked, id=12368, stack(0x0000009c69b00000,0x0000009c69c00000) (1024K)]
  0x0000021e2c3ac730 JavaThread "Unconstrained build operations Thread 4"        [_thread_blocked, id=24588, stack(0x0000009c69c00000,0x0000009c69d00000) (1024K)]
  0x0000021e2c3adae0 JavaThread "Unconstrained build operations Thread 5"        [_thread_blocked, id=6476, stack(0x0000009c69d00000,0x0000009c69e00000) (1024K)]
  0x0000021e2c3acdc0 JavaThread "Unconstrained build operations Thread 6"        [_thread_blocked, id=21644, stack(0x0000009c69e00000,0x0000009c69f00000) (1024K)]
  0x0000021e2c3aee90 JavaThread "jar transforms Thread 4"           [_thread_blocked, id=24236, stack(0x0000009c69f00000,0x0000009c6a000000) (1024K)]
  0x0000021e2c3af520 JavaThread "jar transforms Thread 5"           [_thread_blocked, id=1120, stack(0x0000009c6a000000,0x0000009c6a100000) (1024K)]
  0x0000021e2c3ad450 JavaThread "Unconstrained build operations Thread 7"        [_thread_blocked, id=8896, stack(0x0000009c6a100000,0x0000009c6a200000) (1024K)]
  0x0000021e2c3ae800 JavaThread "Unconstrained build operations Thread 8"        [_thread_blocked, id=2972, stack(0x0000009c6a200000,0x0000009c6a300000) (1024K)]
  0x0000021e29f0ec10 JavaThread "Unconstrained build operations Thread 9"        [_thread_blocked, id=24428, stack(0x0000009c6a300000,0x0000009c6a400000) (1024K)]
  0x0000021e29f0c4b0 JavaThread "jar transforms Thread 6"           [_thread_blocked, id=25160, stack(0x0000009c6a400000,0x0000009c6a500000) (1024K)]
  0x0000021e29f0def0 JavaThread "jar transforms Thread 7"           [_thread_blocked, id=8708, stack(0x0000009c6a500000,0x0000009c6a600000) (1024K)]
  0x0000021e29f0e580 JavaThread "jar transforms Thread 8"           [_thread_blocked, id=4212, stack(0x0000009c6a600000,0x0000009c6a700000) (1024K)]
  0x0000021e29f0f2a0 JavaThread "Unconstrained build operations Thread 10"        [_thread_blocked, id=8884, stack(0x0000009c67700000,0x0000009c67800000) (1024K)]
  0x0000021e29f0be20 JavaThread "Unconstrained build operations Thread 11"        [_thread_blocked, id=3804, stack(0x0000009c69600000,0x0000009c69700000) (1024K)]
  0x0000021e29f0f930 JavaThread "Unconstrained build operations Thread 12"        [_thread_blocked, id=26588, stack(0x0000009c69700000,0x0000009c69800000) (1024K)]
  0x0000021e29f0d860 JavaThread "Configuration cache report writer"        [_thread_blocked, id=26592, stack(0x0000009c6a800000,0x0000009c6a900000) (1024K)]
  0x0000021e29f0d1d0 JavaThread "Unconstrained build operations Thread 13"        [_thread_blocked, id=21020, stack(0x0000009c6a900000,0x0000009c6aa00000) (1024K)]
  0x0000021e29f10ce0 JavaThread "Unconstrained build operations Thread 14"        [_thread_blocked, id=18200, stack(0x0000009c6aa00000,0x0000009c6ab00000) (1024K)]
  0x0000021e29f10650 JavaThread "Unconstrained build operations Thread 15"        [_thread_blocked, id=7668, stack(0x0000009c6ab00000,0x0000009c6ac00000) (1024K)]
  0x0000021e29f11370 JavaThread "Unconstrained build operations Thread 16"        [_thread_blocked, id=6856, stack(0x0000009c6ac00000,0x0000009c6ad00000) (1024K)]
  0x0000021e29f11a00 JavaThread "Unconstrained build operations Thread 17"        [_thread_blocked, id=25500, stack(0x0000009c6ad00000,0x0000009c6ae00000) (1024K)]
  0x0000021e29f12090 JavaThread "Unconstrained build operations Thread 18"        [_thread_blocked, id=22736, stack(0x0000009c6ae00000,0x0000009c6af00000) (1024K)]
  0x0000021e29f12db0 JavaThread "Unconstrained build operations Thread 19"        [_thread_blocked, id=21560, stack(0x0000009c6af00000,0x0000009c6b000000) (1024K)]
  0x0000021e29f13440 JavaThread "Unconstrained build operations Thread 20"        [_thread_blocked, id=13652, stack(0x0000009c6b000000,0x0000009c6b100000) (1024K)]
  0x0000021e2c6469b0 JavaThread "Unconstrained build operations Thread 21"        [_thread_blocked, id=22376, stack(0x0000009c6b100000,0x0000009c6b200000) (1024K)]
  0x0000021e2c645600 JavaThread "build event listener"              [_thread_blocked, id=24944, stack(0x0000009c6a700000,0x0000009c6a800000) (1024K)]
  0x0000021e2c6476d0 JavaThread "Memory manager"                    [_thread_blocked, id=17980, stack(0x0000009c6b300000,0x0000009c6b400000) (1024K)]
  0x0000021e2c64b870 JavaThread "build event listener"              [_thread_blocked, id=23788, stack(0x0000009c6b500000,0x0000009c6b600000) (1024K)]
  0x0000021e2ce9c4d0 JavaThread "File lock release action executor Thread 3"        [_thread_blocked, id=23176, stack(0x0000009c6b600000,0x0000009c6b700000) (1024K)]
  0x0000021e2cea20b0 JavaThread "Build operations"                  [_thread_blocked, id=15108, stack(0x0000009c67400000,0x0000009c67500000) (1024K)]
  0x0000021e2ce9f2c0 JavaThread "Unconstrained build operations Thread 22"        [_thread_blocked, id=21028, stack(0x0000009c6ba00000,0x0000009c6bb00000) (1024K)]
  0x0000021e2ce9ec30 JavaThread "Unconstrained build operations Thread 23"        [_thread_blocked, id=22688, stack(0x0000009c6bb00000,0x0000009c6bc00000) (1024K)]
  0x0000021e2cea1390 JavaThread "Unconstrained build operations Thread 24"        [_thread_blocked, id=26164, stack(0x0000009c6bc00000,0x0000009c6bd00000) (1024K)]
  0x0000021e2ce9df10 JavaThread "Unconstrained build operations Thread 25"        [_thread_blocked, id=12712, stack(0x0000009c6bd00000,0x0000009c6be00000) (1024K)]
  0x0000021e1f70de00 JavaThread "Unconstrained build operations Thread 26"        [_thread_blocked, id=14880, stack(0x0000009c6be00000,0x0000009c6bf00000) (1024K)]
  0x0000021e1f711910 JavaThread "Unconstrained build operations Thread 27"        [_thread_blocked, id=26444, stack(0x0000009c6bf00000,0x0000009c6c000000) (1024K)]
  0x0000021e1f711fa0 JavaThread "Unconstrained build operations Thread 28"        [_thread_blocked, id=14740, stack(0x0000009c6c000000,0x0000009c6c100000) (1024K)]
  0x0000021e1f712630 JavaThread "Unconstrained build operations Thread 29"        [_thread_blocked, id=21240, stack(0x0000009c6c100000,0x0000009c6c200000) (1024K)]
  0x0000021e1f712cc0 JavaThread "Unconstrained build operations Thread 30"        [_thread_blocked, id=21768, stack(0x0000009c6c200000,0x0000009c6c300000) (1024K)]
  0x0000021e2c649e30 JavaThread "Unconstrained build operations Thread 31"        [_thread_blocked, id=2208, stack(0x0000009c6c300000,0x0000009c6c400000) (1024K)]
  0x0000021e2c64bf00 JavaThread "Unconstrained build operations Thread 32"        [_thread_blocked, id=2868, stack(0x0000009c6c400000,0x0000009c6c500000) (1024K)]
  0x0000021e2ce9ffe0 JavaThread "Build operations Thread 2"         [_thread_blocked, id=14372, stack(0x0000009c6c700000,0x0000009c6c800000) (1024K)]
  0x0000021e2a6bb0f0 JavaThread "included builds"                   [_thread_blocked, id=16292, stack(0x0000009c6c600000,0x0000009c6c700000) (1024K)]
  0x0000021e2a6ba3d0 JavaThread "Execution worker"                  [_thread_blocked, id=24648, stack(0x0000009c6c800000,0x0000009c6c900000) (1024K)]
  0x0000021e2a6baa60 JavaThread "Execution worker Thread 2"         [_thread_blocked, id=3080, stack(0x0000009c6c900000,0x0000009c6ca00000) (1024K)]
  0x0000021e2a6b96b0 JavaThread "Execution worker Thread 3"         [_thread_blocked, id=24204, stack(0x0000009c6ca00000,0x0000009c6cb00000) (1024K)]
  0x0000021e2a6bffb0 JavaThread "Cache worker for execution history cache (C:\Users\David Tembhare\Desktop\honey_chain\.gradle\9.3.1\executionHistory)"        [_thread_blocked, id=9260, stack(0x0000009c6cb00000,0x0000009c6cc00000) (1024K)]
  0x0000021e2a6c0640 JavaThread "Unconstrained build operations Thread 33"        [_thread_blocked, id=10728, stack(0x0000009c6cc00000,0x0000009c6cd00000) (1024K)]
  0x0000021e2a6be570 JavaThread "Unconstrained build operations Thread 34"        [_thread_blocked, id=7128, stack(0x0000009c6cd00000,0x0000009c6ce00000) (1024K)]
  0x0000021e2a6bf290 JavaThread "Unconstrained build operations Thread 35"        [_thread_blocked, id=26224, stack(0x0000009c6ce00000,0x0000009c6cf00000) (1024K)]
  0x0000021e2a6bd850 JavaThread "Unconstrained build operations Thread 36"        [_thread_blocked, id=25204, stack(0x0000009c6cf00000,0x0000009c6d000000) (1024K)]
  0x0000021e2a6bdee0 JavaThread "Unconstrained build operations Thread 37"        [_thread_blocked, id=14392, stack(0x0000009c6d000000,0x0000009c6d100000) (1024K)]
  0x0000021e29729e80 JavaThread "Unconstrained build operations Thread 38"        [_thread_blocked, id=11964, stack(0x0000009c6d100000,0x0000009c6d200000) (1024K)]
  0x0000021e297297f0 JavaThread "Unconstrained build operations Thread 39"        [_thread_blocked, id=4304, stack(0x0000009c6d200000,0x0000009c6d300000) (1024K)]
  0x0000021e2972a510 JavaThread "Unconstrained build operations Thread 40"        [_thread_blocked, id=22052, stack(0x0000009c6d300000,0x0000009c6d400000) (1024K)]
  0x0000021e2ab40bf0 JavaThread "WorkerExecutor Queue"              [_thread_blocked, id=4824, stack(0x0000009c6b700000,0x0000009c6b800000) (1024K)]
  0x0000021e2ab3fed0 JavaThread "WorkerExecutor Queue Thread 2"        [_thread_blocked, id=9288, stack(0x0000009c6b900000,0x0000009c6ba00000) (1024K)]
  0x0000021e2ab3eb20 JavaThread "WorkerExecutor Queue Thread 3"        [_thread_blocked, id=23804, stack(0x0000009c6c500000,0x0000009c6c600000) (1024K)]
  0x0000021e2ce9cb60 JavaThread "Java2D Disposer"            daemon [_thread_blocked, id=3480, stack(0x0000009c6d800000,0x0000009c6d900000) (1024K)]
  0x0000021e2cea0670 JavaThread "AWT-Windows"                daemon [_thread_in_native, id=12472, stack(0x0000009c6da00000,0x0000009c6db00000) (1024K)]
  0x0000021e2d335a80 JavaThread "DefaultDispatcher-worker-1" daemon [_thread_blocked, id=22872, stack(0x0000009c6d700000,0x0000009c6d800000) (1024K)]
  0x0000021e2d334d60 JavaThread "DefaultDispatcher-worker-2" daemon [_thread_blocked, id=21876, stack(0x0000009c6dc00000,0x0000009c6dd00000) (1024K)]
  0x0000021e2d3381e0 JavaThread "DefaultDispatcher-worker-3" daemon [_thread_blocked, id=22716, stack(0x0000009c6dd00000,0x0000009c6de00000) (1024K)]
  0x0000021e2ab41fa0 JavaThread "Periodic tasks thread"      daemon [_thread_blocked, id=23500, stack(0x0000009c6de00000,0x0000009c6df00000) (1024K)]
  0x0000021e2ab439e0 JavaThread "ApplicationImpl pooled thread 1"        [_thread_blocked, id=23848, stack(0x0000009c6df00000,0x0000009c6e000000) (1024K)]
  0x0000021e2d33a940 JavaThread "WorkerExecutor Queue Thread 5"        [_thread_blocked, id=13572, stack(0x0000009c6e000000,0x0000009c6e100000) (1024K)]
  0x0000021e2a6bbe10 JavaThread "Exec process"                      [_thread_blocked, id=23948, stack(0x0000009c6e100000,0x0000009c6e200000) (1024K)]
  0x0000021e2a6bc4a0 JavaThread "Exec process Thread 2"             [_thread_blocked, id=9352, stack(0x0000009c6e200000,0x0000009c6e300000) (1024K)]
  0x0000021e2a6b9020 JavaThread "Exec process Thread 3"             [_thread_blocked, id=25684, stack(0x0000009c6e300000,0x0000009c6e400000) (1024K)]
  0x0000021e2d33d0a0 JavaThread "Exec process Thread 4"             [_thread_blocked, id=26244, stack(0x0000009c6d900000,0x0000009c6da00000) (1024K)]
  0x0000021e2d339c20 JavaThread "Exec process Thread 5"             [_thread_blocked, id=19436, stack(0x0000009c6e400000,0x0000009c6e500000) (1024K)]
  0x0000021e2d33d730 JavaThread "Exec process Thread 6"             [_thread_blocked, id=15888, stack(0x0000009c6e500000,0x0000009c6e600000) (1024K)]
  0x0000021e2d33ddc0 JavaThread "Exec process Thread 7"             [_thread_blocked, id=24028, stack(0x0000009c6e600000,0x0000009c6e700000) (1024K)]
  0x0000021e2d33e450 JavaThread "Exec process Thread 8"             [_thread_blocked, id=1284, stack(0x0000009c6e700000,0x0000009c6e800000) (1024K)]
  0x0000021e2d341f60 JavaThread "Exec process Thread 9"             [_thread_blocked, id=6124, stack(0x0000009c6e800000,0x0000009c6e900000) (1024K)]
  0x0000021e1f30c200 JavaThread "C1 CompilerThread1"         daemon [_thread_in_vm, id=20920, stack(0x0000009c66b00000,0x0000009c66c00000) (1024K)]
  0x0000021e1f30bb30 JavaThread "C1 CompilerThread2"         daemon [_thread_blocked, id=5112, stack(0x0000009c67500000,0x0000009c67600000) (1024K)]
  0x0000021e2d3418d0 JavaThread "pool-4-thread-1"                   [_thread_in_Java, id=21392, stack(0x0000009c6d500000,0x0000009c6d600000) (1024K)]
  0x0000021e24f7e8b0 JavaThread "C1 CompilerThread3"         daemon [_thread_in_native, id=3688, stack(0x0000009c6d400000,0x0000009c6d500000) (1024K)]
=>0x0000021e3d7eaf50 JavaThread "C2 CompilerThread1"         daemon [_thread_in_native, id=3636, stack(0x0000009c6b800000,0x0000009c6b900000) (1024K)]
Total: 117

Other Threads:
  0x0000021e1e572dd0 VMThread "VM Thread"                           [id=9416, stack(0x0000009c66100000,0x0000009c66200000) (1024K)]
  0x0000021e1e5600d0 WatcherThread "VM Periodic Task Thread"        [id=24056, stack(0x0000009c66000000,0x0000009c66100000) (1024K)]
  0x0000021e045273a0 WorkerThread "GC Thread#0"                     [id=492, stack(0x0000009c65b00000,0x0000009c65c00000) (1024K)]
  0x0000021e1e571470 WorkerThread "GC Thread#1"                     [id=23488, stack(0x0000009c66f00000,0x0000009c67000000) (1024K)]
  0x0000021e1e572a30 WorkerThread "GC Thread#2"                     [id=20192, stack(0x0000009c67000000,0x0000009c67100000) (1024K)]
  0x0000021e1e571810 WorkerThread "GC Thread#3"                     [id=20756, stack(0x0000009c67100000,0x0000009c67200000) (1024K)]
  0x0000021e1e571bb0 WorkerThread "GC Thread#4"                     [id=11728, stack(0x0000009c67200000,0x0000009c67300000) (1024K)]
  0x0000021e1e572690 WorkerThread "GC Thread#5"                     [id=22984, stack(0x0000009c67300000,0x0000009c67400000) (1024K)]
  0x0000021e2631bc30 WorkerThread "GC Thread#6"                     [id=15588, stack(0x0000009c67c00000,0x0000009c67d00000) (1024K)]
  0x0000021e26319450 WorkerThread "GC Thread#7"                     [id=11744, stack(0x0000009c67d00000,0x0000009c67e00000) (1024K)]
  0x0000021e2631b4f0 WorkerThread "GC Thread#8"                     [id=25292, stack(0x0000009c67e00000,0x0000009c67f00000) (1024K)]
  0x0000021e2631aa10 WorkerThread "GC Thread#9"                     [id=15556, stack(0x0000009c67f00000,0x0000009c68000000) (1024K)]
  0x0000021e2631c370 WorkerThread "GC Thread#10"                    [id=13340, stack(0x0000009c68000000,0x0000009c68100000) (1024K)]
  0x0000021e2631a2d0 WorkerThread "GC Thread#11"                    [id=12588, stack(0x0000009c68100000,0x0000009c68200000) (1024K)]
  0x0000021e26319f30 WorkerThread "GC Thread#12"                    [id=13832, stack(0x0000009c68200000,0x0000009c68300000) (1024K)]
  0x0000021e04577010 ConcurrentGCThread "G1 Main Marker"            [id=23924, stack(0x0000009c65c00000,0x0000009c65d00000) (1024K)]
  0x0000021e04579070 WorkerThread "G1 Conc#0"                       [id=19400, stack(0x0000009c65d00000,0x0000009c65e00000) (1024K)]
  0x0000021e2631b890 WorkerThread "G1 Conc#1"                       [id=17224, stack(0x0000009c68500000,0x0000009c68600000) (1024K)]
  0x0000021e263190b0 WorkerThread "G1 Conc#2"                       [id=16840, stack(0x0000009c68600000,0x0000009c68700000) (1024K)]
  0x0000021e1e42d1e0 ConcurrentGCThread "G1 Refine#0"               [id=24876, stack(0x0000009c65e00000,0x0000009c65f00000) (1024K)]
  0x0000021e1e42fb10 ConcurrentGCThread "G1 Service"                [id=11700, stack(0x0000009c65f00000,0x0000009c66000000) (1024K)]
Total: 21

Threads with active compile tasks:
C2 CompilerThread0  92049 52027       4       org.jetbrains.kotlin.ir.util.AdditionalIrUtilsKt::getConstructedClass (20 bytes)
C1 CompilerThread0  92049 52179       3       org.jetbrains.kotlin.backend.common.lower.loops.HeaderInfoBuilder::<init> (152 bytes)
C1 CompilerThread1  92049 52178       3       org.jetbrains.kotlin.backend.jvm.lower.AnonymousObjectSuperConstructorLowering::visitBlock (890 bytes)
C1 CompilerThread2  92049 52181       3       org.jetbrains.kotlin.backend.common.lower.loops.RangeLoopTransformer::visitBlock (549 bytes)
C1 CompilerThread3  92049 52182       3       org.jetbrains.kotlin.backend.jvm.lower.JvmValueClassAbstractLowering::visitBlock (13 bytes)
C2 CompilerThread1  92049 52060       4       javax.management.ObjectName::construct (1135 bytes)
Total: 6

VM state: not at safepoint (normal execution)

VM Mutex/Monitor currently owned by a thread: None

Heap address: 0x0000000700000000, size: 4096 MB, Compressed Oops mode: Zero based, Oop shift amount: 3

CDS archive(s) not mapped
Compressed class space mapped at: 0x0000000800000000-0x0000000840000000, reserved size: 1073741824
Narrow klass base: 0x0000000800000000, Narrow klass shift: 0, Narrow klass range: 0x40000000

GC Precious Log:
 CardTable entry size: 512
 Card Set container configuration: InlinePtr #cards 4 size 8 Array Of Cards #cards 16 size 48 Howl #buckets 8 coarsen threshold 3686 Howl Bitmap #cards 512 size 80 coarsen threshold 460 Card regions per heap region 1 cards per card region 4096
 CPUs: 16 total, 16 available
 Memory: 16087M
 Large Page Support: Disabled
 NUMA Support: Disabled
 Compressed Oops: Enabled (Zero based)
 Heap Region Size: 2M
 Heap Min Capacity: 8M
 Heap Initial Capacity: 252M
 Heap Max Capacity: 4G
 Pre-touch: Disabled
 Parallel Workers: 13
 Concurrent Workers: 3
 Concurrent Refinement Workers: 13
 Periodic GC: Disabled

Heap:
 garbage-first heap   total 684032K, used 443069K [0x0000000700000000, 0x0000000800000000)
  region size 2048K, 20 young (40960K), 11 survivors (22528K)
 Metaspace       used 284737K, committed 287808K, reserved 1310720K
  class space    used 35077K, committed 36608K, reserved 1048576K

Heap Regions: E=young(eden), S=young(survivor), O=old, HS=humongous(starts), HC=humongous(continues), CS=collection set, F=free, TAMS=top-at-mark-start, PB=parsable bottom
|   0|0x0000000700000000, 0x0000000700200000, 0x0000000700200000|100%|HS|  |TAMS 0x0000000700000000| PB 0x0000000700000000| Complete 
|   1|0x0000000700200000, 0x0000000700400000, 0x0000000700400000|100%|HC|  |TAMS 0x0000000700200000| PB 0x0000000700200000| Complete 
|   2|0x0000000700400000, 0x0000000700600000, 0x0000000700600000|100%| O|  |TAMS 0x0000000700400000| PB 0x0000000700400000| Untracked 
|   3|0x0000000700600000, 0x0000000700800000, 0x0000000700800000|100%| O|  |TAMS 0x0000000700600000| PB 0x0000000700600000| Untracked 
|   4|0x0000000700800000, 0x0000000700a00000, 0x0000000700a00000|100%| O|  |TAMS 0x0000000700800000| PB 0x0000000700800000| Untracked 
|   5|0x0000000700a00000, 0x0000000700c00000, 0x0000000700c00000|100%| O|  |TAMS 0x0000000700a00000| PB 0x0000000700a00000| Untracked 
|   6|0x0000000700c00000, 0x0000000700e00000, 0x0000000700e00000|100%| O|  |TAMS 0x0000000700c00000| PB 0x0000000700c00000| Untracked 
|   7|0x0000000700e00000, 0x0000000701000000, 0x0000000701000000|100%| O|  |TAMS 0x0000000700e00000| PB 0x0000000700e00000| Untracked 
|   8|0x0000000701000000, 0x0000000701200000, 0x0000000701200000|100%| O|  |TAMS 0x0000000701000000| PB 0x0000000701000000| Untracked 
|   9|0x0000000701200000, 0x0000000701400000, 0x0000000701400000|100%| O|  |TAMS 0x0000000701200000| PB 0x0000000701200000| Untracked 
|  10|0x0000000701400000, 0x0000000701600000, 0x0000000701600000|100%| O|  |TAMS 0x0000000701400000| PB 0x0000000701400000| Untracked 
|  11|0x0000000701600000, 0x0000000701800000, 0x0000000701800000|100%| O|  |TAMS 0x0000000701600000| PB 0x0000000701600000| Untracked 
|  12|0x0000000701800000, 0x0000000701a00000, 0x0000000701a00000|100%| O|  |TAMS 0x0000000701800000| PB 0x0000000701800000| Untracked 
|  13|0x0000000701a00000, 0x0000000701c00000, 0x0000000701c00000|100%| O|  |TAMS 0x0000000701a00000| PB 0x0000000701a00000| Untracked 
|  14|0x0000000701c00000, 0x0000000701e00000, 0x0000000701e00000|100%|HS|  |TAMS 0x0000000701c00000| PB 0x0000000701c00000| Complete 
|  15|0x0000000701e00000, 0x0000000702000000, 0x0000000702000000|100%| O|  |TAMS 0x0000000701e00000| PB 0x0000000701e00000| Untracked 
|  16|0x0000000702000000, 0x0000000702200000, 0x0000000702200000|100%| O|  |TAMS 0x0000000702000000| PB 0x0000000702000000| Untracked 
|  17|0x0000000702200000, 0x0000000702400000, 0x0000000702400000|100%| O|  |TAMS 0x0000000702200000| PB 0x0000000702200000| Untracked 
|  18|0x0000000702400000, 0x0000000702600000, 0x0000000702600000|100%| O|  |TAMS 0x0000000702400000| PB 0x0000000702400000| Untracked 
|  19|0x0000000702600000, 0x0000000702800000, 0x0000000702800000|100%| O|  |TAMS 0x0000000702600000| PB 0x0000000702600000| Untracked 
|  20|0x0000000702800000, 0x0000000702a00000, 0x0000000702a00000|100%|HS|  |TAMS 0x0000000702800000| PB 0x0000000702800000| Complete 
|  21|0x0000000702a00000, 0x0000000702c00000, 0x0000000702c00000|100%| O|  |TAMS 0x0000000702a00000| PB 0x0000000702a00000| Untracked 
|  22|0x0000000702c00000, 0x0000000702e00000, 0x0000000702e00000|100%|HS|  |TAMS 0x0000000702c00000| PB 0x0000000702c00000| Complete 
|  23|0x0000000702e00000, 0x0000000703000000, 0x0000000703000000|100%| O|  |TAMS 0x0000000702e00000| PB 0x0000000702e00000| Untracked 
|  24|0x0000000703000000, 0x0000000703200000, 0x0000000703200000|100%| O|  |TAMS 0x0000000703000000| PB 0x0000000703000000| Untracked 
|  25|0x0000000703200000, 0x0000000703400000, 0x0000000703400000|100%| O|  |TAMS 0x0000000703200000| PB 0x0000000703200000| Untracked 
|  26|0x0000000703400000, 0x0000000703600000, 0x0000000703600000|100%| O|  |TAMS 0x0000000703400000| PB 0x0000000703400000| Untracked 
|  27|0x0000000703600000, 0x0000000703800000, 0x0000000703800000|100%| O|  |TAMS 0x0000000703600000| PB 0x0000000703600000| Untracked 
|  28|0x0000000703800000, 0x0000000703a00000, 0x0000000703a00000|100%| O|  |TAMS 0x0000000703800000| PB 0x0000000703800000| Untracked 
|  29|0x0000000703a00000, 0x0000000703c00000, 0x0000000703c00000|100%| O|  |TAMS 0x0000000703a00000| PB 0x0000000703a00000| Untracked 
|  30|0x0000000703c00000, 0x0000000703e00000, 0x0000000703e00000|100%| O|  |TAMS 0x0000000703c00000| PB 0x0000000703c00000| Untracked 
|  31|0x0000000703e00000, 0x0000000704000000, 0x0000000704000000|100%| O|  |TAMS 0x0000000703e00000| PB 0x0000000703e00000| Untracked 
|  32|0x0000000704000000, 0x0000000704200000, 0x0000000704200000|100%| O|  |TAMS 0x0000000704000000| PB 0x0000000704000000| Untracked 
|  33|0x0000000704200000, 0x0000000704400000, 0x0000000704400000|100%| O|  |TAMS 0x0000000704200000| PB 0x0000000704200000| Untracked 
|  34|0x0000000704400000, 0x0000000704600000, 0x0000000704600000|100%| O|  |TAMS 0x0000000704400000| PB 0x0000000704400000| Untracked 
|  35|0x0000000704600000, 0x0000000704800000, 0x0000000704800000|100%| O|  |TAMS 0x0000000704600000| PB 0x0000000704600000| Untracked 
|  36|0x0000000704800000, 0x0000000704a00000, 0x0000000704a00000|100%| O|  |TAMS 0x0000000704800000| PB 0x0000000704800000| Untracked 
|  37|0x0000000704a00000, 0x0000000704c00000, 0x0000000704c00000|100%| O|  |TAMS 0x0000000704a00000| PB 0x0000000704a00000| Untracked 
|  38|0x0000000704c00000, 0x0000000704e00000, 0x0000000704e00000|100%| O|  |TAMS 0x0000000704c00000| PB 0x0000000704c00000| Untracked 
|  39|0x0000000704e00000, 0x0000000705000000, 0x0000000705000000|100%| O|  |TAMS 0x0000000704e00000| PB 0x0000000704e00000| Untracked 
|  40|0x0000000705000000, 0x0000000705200000, 0x0000000705200000|100%| O|  |TAMS 0x0000000705000000| PB 0x0000000705000000| Untracked 
|  41|0x0000000705200000, 0x0000000705400000, 0x0000000705400000|100%| O|  |TAMS 0x0000000705200000| PB 0x0000000705200000| Untracked 
|  42|0x0000000705400000, 0x0000000705600000, 0x0000000705600000|100%| O|  |TAMS 0x0000000705400000| PB 0x0000000705400000| Untracked 
|  43|0x0000000705600000, 0x0000000705800000, 0x0000000705800000|100%| O|  |TAMS 0x0000000705600000| PB 0x0000000705600000| Untracked 
|  44|0x0000000705800000, 0x0000000705a00000, 0x0000000705a00000|100%| O|  |TAMS 0x0000000705800000| PB 0x0000000705800000| Untracked 
|  45|0x0000000705a00000, 0x0000000705c00000, 0x0000000705c00000|100%| O|  |TAMS 0x0000000705a00000| PB 0x0000000705a00000| Untracked 
|  46|0x0000000705c00000, 0x0000000705e00000, 0x0000000705e00000|100%| O|  |TAMS 0x0000000705c00000| PB 0x0000000705c00000| Untracked 
|  47|0x0000000705e00000, 0x0000000706000000, 0x0000000706000000|100%| O|  |TAMS 0x0000000705e00000| PB 0x0000000705e00000| Untracked 
|  48|0x0000000706000000, 0x0000000706200000, 0x0000000706200000|100%| O|  |TAMS 0x0000000706000000| PB 0x0000000706000000| Untracked 
|  49|0x0000000706200000, 0x0000000706400000, 0x0000000706400000|100%| O|  |TAMS 0x0000000706200000| PB 0x0000000706200000| Untracked 
|  50|0x0000000706400000, 0x0000000706600000, 0x0000000706600000|100%| O|  |TAMS 0x0000000706400000| PB 0x0000000706400000| Untracked 
|  51|0x0000000706600000, 0x0000000706800000, 0x0000000706800000|100%| O|  |TAMS 0x0000000706600000| PB 0x0000000706600000| Untracked 
|  52|0x0000000706800000, 0x0000000706a00000, 0x0000000706a00000|100%| O|  |TAMS 0x0000000706800000| PB 0x0000000706800000| Untracked 
|  53|0x0000000706a00000, 0x0000000706c00000, 0x0000000706c00000|100%| O|  |TAMS 0x0000000706a00000| PB 0x0000000706a00000| Untracked 
|  54|0x0000000706c00000, 0x0000000706e00000, 0x0000000706e00000|100%| O|  |TAMS 0x0000000706c00000| PB 0x0000000706c00000| Untracked 
|  55|0x0000000706e00000, 0x0000000707000000, 0x0000000707000000|100%| O|  |TAMS 0x0000000706e00000| PB 0x0000000706e00000| Untracked 
|  56|0x0000000707000000, 0x0000000707200000, 0x0000000707200000|100%| O|  |TAMS 0x0000000707000000| PB 0x0000000707000000| Untracked 
|  57|0x0000000707200000, 0x0000000707400000, 0x0000000707400000|100%| O|  |TAMS 0x0000000707200000| PB 0x0000000707200000| Untracked 
|  58|0x0000000707400000, 0x0000000707600000, 0x0000000707600000|100%| O|  |TAMS 0x0000000707400000| PB 0x0000000707400000| Untracked 
|  59|0x0000000707600000, 0x0000000707800000, 0x0000000707800000|100%| O|  |TAMS 0x0000000707600000| PB 0x0000000707600000| Untracked 
|  60|0x0000000707800000, 0x0000000707a00000, 0x0000000707a00000|100%| O|  |TAMS 0x0000000707800000| PB 0x0000000707800000| Untracked 
|  61|0x0000000707a00000, 0x0000000707c00000, 0x0000000707c00000|100%| O|  |TAMS 0x0000000707a00000| PB 0x0000000707a00000| Untracked 
|  62|0x0000000707c00000, 0x0000000707e00000, 0x0000000707e00000|100%| O|  |TAMS 0x0000000707c00000| PB 0x0000000707c00000| Untracked 
|  63|0x0000000707e00000, 0x0000000708000000, 0x0000000708000000|100%| O|  |TAMS 0x0000000707e00000| PB 0x0000000707e00000| Untracked 
|  64|0x0000000708000000, 0x0000000708200000, 0x0000000708200000|100%| O|  |TAMS 0x0000000708000000| PB 0x0000000708000000| Untracked 
|  65|0x0000000708200000, 0x0000000708400000, 0x0000000708400000|100%| O|  |TAMS 0x0000000708200000| PB 0x0000000708200000| Untracked 
|  66|0x0000000708400000, 0x0000000708600000, 0x0000000708600000|100%| O|  |TAMS 0x0000000708400000| PB 0x0000000708400000| Untracked 
|  67|0x0000000708600000, 0x0000000708800000, 0x0000000708800000|100%| O|  |TAMS 0x0000000708600000| PB 0x0000000708600000| Untracked 
|  68|0x0000000708800000, 0x0000000708a00000, 0x0000000708a00000|100%| O|  |TAMS 0x0000000708800000| PB 0x0000000708800000| Untracked 
|  69|0x0000000708a00000, 0x0000000708c00000, 0x0000000708c00000|100%|HS|  |TAMS 0x0000000708a00000| PB 0x0000000708a00000| Complete 
|  70|0x0000000708c00000, 0x0000000708e00000, 0x0000000708e00000|100%|HC|  |TAMS 0x0000000708c00000| PB 0x0000000708c00000| Complete 
|  71|0x0000000708e00000, 0x0000000709000000, 0x0000000709000000|100%|HC|  |TAMS 0x0000000708e00000| PB 0x0000000708e00000| Complete 
|  72|0x0000000709000000, 0x0000000709200000, 0x0000000709200000|100%| O|  |TAMS 0x0000000709000000| PB 0x0000000709000000| Untracked 
|  73|0x0000000709200000, 0x0000000709400000, 0x0000000709400000|100%| O|  |TAMS 0x0000000709200000| PB 0x0000000709200000| Untracked 
|  74|0x0000000709400000, 0x0000000709600000, 0x0000000709600000|100%| O|  |TAMS 0x0000000709400000| PB 0x0000000709400000| Untracked 
|  75|0x0000000709600000, 0x0000000709800000, 0x0000000709800000|100%| O|  |TAMS 0x0000000709600000| PB 0x0000000709600000| Untracked 
|  76|0x0000000709800000, 0x0000000709a00000, 0x0000000709a00000|100%| O|  |TAMS 0x0000000709800000| PB 0x0000000709800000| Untracked 
|  77|0x0000000709a00000, 0x0000000709c00000, 0x0000000709c00000|100%| O|  |TAMS 0x0000000709a00000| PB 0x0000000709a00000| Untracked 
|  78|0x0000000709c00000, 0x0000000709e00000, 0x0000000709e00000|100%| O|  |TAMS 0x0000000709c00000| PB 0x0000000709c00000| Untracked 
|  79|0x0000000709e00000, 0x000000070a000000, 0x000000070a000000|100%| O|  |TAMS 0x0000000709e00000| PB 0x0000000709e00000| Untracked 
|  80|0x000000070a000000, 0x000000070a200000, 0x000000070a200000|100%| O|  |TAMS 0x000000070a000000| PB 0x000000070a000000| Untracked 
|  81|0x000000070a200000, 0x000000070a400000, 0x000000070a400000|100%| O|  |TAMS 0x000000070a200000| PB 0x000000070a200000| Untracked 
|  82|0x000000070a400000, 0x000000070a600000, 0x000000070a600000|100%| O|  |TAMS 0x000000070a400000| PB 0x000000070a400000| Untracked 
|  83|0x000000070a600000, 0x000000070a800000, 0x000000070a800000|100%| O|  |TAMS 0x000000070a600000| PB 0x000000070a600000| Untracked 
|  84|0x000000070a800000, 0x000000070aa00000, 0x000000070aa00000|100%| O|  |TAMS 0x000000070a800000| PB 0x000000070a800000| Untracked 
|  85|0x000000070aa00000, 0x000000070ac00000, 0x000000070ac00000|100%| O|  |TAMS 0x000000070aa00000| PB 0x000000070aa00000| Untracked 
|  86|0x000000070ac00000, 0x000000070ae00000, 0x000000070ae00000|100%| O|Cm|TAMS 0x000000070ac00000| PB 0x000000070ac00000| Complete 
|  87|0x000000070ae00000, 0x000000070b000000, 0x000000070b000000|100%| O|  |TAMS 0x000000070ae00000| PB 0x000000070ae00000| Untracked 
|  88|0x000000070b000000, 0x000000070b200000, 0x000000070b200000|100%| O|  |TAMS 0x000000070b000000| PB 0x000000070b000000| Untracked 
|  89|0x000000070b200000, 0x000000070b400000, 0x000000070b400000|100%| O|  |TAMS 0x000000070b200000| PB 0x000000070b200000| Untracked 
|  90|0x000000070b400000, 0x000000070b600000, 0x000000070b600000|100%| O|  |TAMS 0x000000070b400000| PB 0x000000070b400000| Untracked 
|  91|0x000000070b600000, 0x000000070b800000, 0x000000070b800000|100%| O|  |TAMS 0x000000070b600000| PB 0x000000070b600000| Untracked 
|  92|0x000000070b800000, 0x000000070ba00000, 0x000000070ba00000|100%| O|  |TAMS 0x000000070b800000| PB 0x000000070b800000| Untracked 
|  93|0x000000070ba00000, 0x000000070bc00000, 0x000000070bc00000|100%| O|  |TAMS 0x000000070ba00000| PB 0x000000070ba00000| Untracked 
|  94|0x000000070bc00000, 0x000000070be00000, 0x000000070be00000|100%| O|  |TAMS 0x000000070bc00000| PB 0x000000070bc00000| Untracked 
|  95|0x000000070be00000, 0x000000070c000000, 0x000000070c000000|100%| O|  |TAMS 0x000000070be00000| PB 0x000000070be00000| Untracked 
|  96|0x000000070c000000, 0x000000070c200000, 0x000000070c200000|100%| O|  |TAMS 0x000000070c000000| PB 0x000000070c000000| Untracked 
|  97|0x000000070c200000, 0x000000070c400000, 0x000000070c400000|100%| O|  |TAMS 0x000000070c200000| PB 0x000000070c200000| Untracked 
|  98|0x000000070c400000, 0x000000070c600000, 0x000000070c600000|100%| O|  |TAMS 0x000000070c400000| PB 0x000000070c400000| Untracked 
|  99|0x000000070c600000, 0x000000070c800000, 0x000000070c800000|100%| O|Cm|TAMS 0x000000070c600000| PB 0x000000070c600000| Complete 
| 100|0x000000070c800000, 0x000000070ca00000, 0x000000070ca00000|100%| O|Cm|TAMS 0x000000070c800000| PB 0x000000070c800000| Complete 
| 101|0x000000070ca00000, 0x000000070cc00000, 0x000000070cc00000|100%| O|  |TAMS 0x000000070ca00000| PB 0x000000070ca00000| Untracked 
| 102|0x000000070cc00000, 0x000000070ce00000, 0x000000070ce00000|100%| O|  |TAMS 0x000000070cc00000| PB 0x000000070cc00000| Untracked 
| 103|0x000000070ce00000, 0x000000070d000000, 0x000000070d000000|100%| O|  |TAMS 0x000000070ce00000| PB 0x000000070ce00000| Untracked 
| 104|0x000000070d000000, 0x000000070d200000, 0x000000070d200000|100%| O|  |TAMS 0x000000070d000000| PB 0x000000070d000000| Untracked 
| 105|0x000000070d200000, 0x000000070d400000, 0x000000070d400000|100%| O|  |TAMS 0x000000070d200000| PB 0x000000070d200000| Untracked 
| 106|0x000000070d400000, 0x000000070d600000, 0x000000070d600000|100%| O|  |TAMS 0x000000070d400000| PB 0x000000070d400000| Untracked 
| 107|0x000000070d600000, 0x000000070d800000, 0x000000070d800000|100%| O|  |TAMS 0x000000070d600000| PB 0x000000070d600000| Untracked 
| 108|0x000000070d800000, 0x000000070da00000, 0x000000070da00000|100%| O|  |TAMS 0x000000070d800000| PB 0x000000070d800000| Untracked 
| 109|0x000000070da00000, 0x000000070dc00000, 0x000000070dc00000|100%| O|  |TAMS 0x000000070da00000| PB 0x000000070da00000| Untracked 
| 110|0x000000070dc00000, 0x000000070de00000, 0x000000070de00000|100%| O|  |TAMS 0x000000070dc00000| PB 0x000000070dc00000| Untracked 
| 111|0x000000070de00000, 0x000000070e000000, 0x000000070e000000|100%| O|  |TAMS 0x000000070de00000| PB 0x000000070de00000| Untracked 
| 112|0x000000070e000000, 0x000000070e200000, 0x000000070e200000|100%| O|  |TAMS 0x000000070e000000| PB 0x000000070e000000| Untracked 
| 113|0x000000070e200000, 0x000000070e400000, 0x000000070e400000|100%| O|  |TAMS 0x000000070e200000| PB 0x000000070e200000| Untracked 
| 114|0x000000070e400000, 0x000000070e600000, 0x000000070e600000|100%| O|  |TAMS 0x000000070e400000| PB 0x000000070e400000| Untracked 
| 115|0x000000070e600000, 0x000000070e800000, 0x000000070e800000|100%| O|  |TAMS 0x000000070e600000| PB 0x000000070e600000| Untracked 
| 116|0x000000070e800000, 0x000000070ea00000, 0x000000070ea00000|100%| O|  |TAMS 0x000000070e800000| PB 0x000000070e800000| Untracked 
| 117|0x000000070ea00000, 0x000000070ec00000, 0x000000070ec00000|100%| O|  |TAMS 0x000000070ea00000| PB 0x000000070ea00000| Untracked 
| 118|0x000000070ec00000, 0x000000070ee00000, 0x000000070ee00000|100%|HS|  |TAMS 0x000000070ec00000| PB 0x000000070ec00000| Complete 
| 119|0x000000070ee00000, 0x000000070f000000, 0x000000070f000000|100%|HC|  |TAMS 0x000000070ee00000| PB 0x000000070ee00000| Complete 
| 120|0x000000070f000000, 0x000000070f200000, 0x000000070f200000|100%| O|  |TAMS 0x000000070f000000| PB 0x000000070f000000| Untracked 
| 121|0x000000070f200000, 0x000000070f400000, 0x000000070f400000|100%| O|  |TAMS 0x000000070f200000| PB 0x000000070f200000| Untracked 
| 122|0x000000070f400000, 0x000000070f600000, 0x000000070f600000|100%| O|  |TAMS 0x000000070f400000| PB 0x000000070f400000| Untracked 
| 123|0x000000070f600000, 0x000000070f800000, 0x000000070f800000|100%| O|  |TAMS 0x000000070f600000| PB 0x000000070f600000| Untracked 
| 124|0x000000070f800000, 0x000000070fa00000, 0x000000070fa00000|100%| O|  |TAMS 0x000000070f800000| PB 0x000000070f800000| Untracked 
| 125|0x000000070fa00000, 0x000000070fc00000, 0x000000070fc00000|100%| O|  |TAMS 0x000000070fa00000| PB 0x000000070fa00000| Untracked 
| 126|0x000000070fc00000, 0x000000070fe00000, 0x000000070fe00000|100%| O|  |TAMS 0x000000070fc00000| PB 0x000000070fc00000| Untracked 
| 127|0x000000070fe00000, 0x0000000710000000, 0x0000000710000000|100%| O|  |TAMS 0x000000070fe00000| PB 0x000000070fe00000| Untracked 
| 128|0x0000000710000000, 0x0000000710200000, 0x0000000710200000|100%| O|  |TAMS 0x0000000710000000| PB 0x0000000710000000| Untracked 
| 129|0x0000000710200000, 0x0000000710400000, 0x0000000710400000|100%| O|Cm|TAMS 0x0000000710200000| PB 0x0000000710200000| Complete 
| 130|0x0000000710400000, 0x0000000710600000, 0x0000000710600000|100%| O|  |TAMS 0x0000000710400000| PB 0x0000000710400000| Untracked 
| 131|0x0000000710600000, 0x0000000710800000, 0x0000000710800000|100%| O|  |TAMS 0x0000000710600000| PB 0x0000000710600000| Untracked 
| 132|0x0000000710800000, 0x0000000710a00000, 0x0000000710a00000|100%| O|  |TAMS 0x0000000710800000| PB 0x0000000710800000| Untracked 
| 133|0x0000000710a00000, 0x0000000710c00000, 0x0000000710c00000|100%| O|  |TAMS 0x0000000710a00000| PB 0x0000000710a00000| Untracked 
| 134|0x0000000710c00000, 0x0000000710e00000, 0x0000000710e00000|100%| O|  |TAMS 0x0000000710c00000| PB 0x0000000710c00000| Untracked 
| 135|0x0000000710e00000, 0x0000000711000000, 0x0000000711000000|100%| O|  |TAMS 0x0000000710e00000| PB 0x0000000710e00000| Untracked 
| 136|0x0000000711000000, 0x0000000711200000, 0x0000000711200000|100%| O|  |TAMS 0x0000000711000000| PB 0x0000000711000000| Untracked 
| 137|0x0000000711200000, 0x0000000711400000, 0x0000000711400000|100%| O|  |TAMS 0x0000000711200000| PB 0x0000000711200000| Untracked 
| 138|0x0000000711400000, 0x0000000711600000, 0x0000000711600000|100%| O|  |TAMS 0x0000000711400000| PB 0x0000000711400000| Untracked 
| 139|0x0000000711600000, 0x0000000711800000, 0x0000000711800000|100%| O|  |TAMS 0x0000000711600000| PB 0x0000000711600000| Untracked 
| 140|0x0000000711800000, 0x0000000711a00000, 0x0000000711a00000|100%| O|  |TAMS 0x0000000711800000| PB 0x0000000711800000| Untracked 
| 141|0x0000000711a00000, 0x0000000711c00000, 0x0000000711c00000|100%| O|  |TAMS 0x0000000711a00000| PB 0x0000000711a00000| Untracked 
| 142|0x0000000711c00000, 0x0000000711e00000, 0x0000000711e00000|100%| O|  |TAMS 0x0000000711c00000| PB 0x0000000711c00000| Untracked 
| 143|0x0000000711e00000, 0x0000000712000000, 0x0000000712000000|100%| O|  |TAMS 0x0000000711e00000| PB 0x0000000711e00000| Untracked 
| 144|0x0000000712000000, 0x0000000712200000, 0x0000000712200000|100%| O|  |TAMS 0x0000000712000000| PB 0x0000000712000000| Untracked 
| 145|0x0000000712200000, 0x0000000712400000, 0x0000000712400000|100%| O|  |TAMS 0x0000000712200000| PB 0x0000000712200000| Untracked 
| 146|0x0000000712400000, 0x0000000712600000, 0x0000000712600000|100%| O|  |TAMS 0x0000000712400000| PB 0x0000000712400000| Untracked 
| 147|0x0000000712600000, 0x0000000712800000, 0x0000000712800000|100%| O|  |TAMS 0x0000000712600000| PB 0x0000000712600000| Untracked 
| 148|0x0000000712800000, 0x0000000712a00000, 0x0000000712a00000|100%| O|  |TAMS 0x0000000712800000| PB 0x0000000712800000| Untracked 
| 149|0x0000000712a00000, 0x0000000712c00000, 0x0000000712c00000|100%| O|  |TAMS 0x0000000712a00000| PB 0x0000000712a00000| Untracked 
| 150|0x0000000712c00000, 0x0000000712e00000, 0x0000000712e00000|100%| O|  |TAMS 0x0000000712c00000| PB 0x0000000712c00000| Untracked 
| 151|0x0000000712e00000, 0x0000000713000000, 0x0000000713000000|100%| O|  |TAMS 0x0000000712e00000| PB 0x0000000712e00000| Untracked 
| 152|0x0000000713000000, 0x0000000713200000, 0x0000000713200000|100%| O|Cm|TAMS 0x0000000713000000| PB 0x0000000713000000| Complete 
| 153|0x0000000713200000, 0x0000000713400000, 0x0000000713400000|100%| O|  |TAMS 0x0000000713200000| PB 0x0000000713200000| Untracked 
| 154|0x0000000713400000, 0x0000000713600000, 0x0000000713600000|100%| O|  |TAMS 0x0000000713400000| PB 0x0000000713400000| Untracked 
| 155|0x0000000713600000, 0x0000000713800000, 0x0000000713800000|100%| O|  |TAMS 0x0000000713600000| PB 0x0000000713600000| Untracked 
| 156|0x0000000713800000, 0x0000000713a00000, 0x0000000713a00000|100%| O|  |TAMS 0x0000000713800000| PB 0x0000000713800000| Untracked 
| 157|0x0000000713a00000, 0x0000000713c00000, 0x0000000713c00000|100%| O|  |TAMS 0x0000000713a00000| PB 0x0000000713a00000| Untracked 
| 158|0x0000000713c00000, 0x0000000713e00000, 0x0000000713e00000|100%| O|Cm|TAMS 0x0000000713c00000| PB 0x0000000713c00000| Complete 
| 159|0x0000000713e00000, 0x0000000714000000, 0x0000000714000000|100%| O|  |TAMS 0x0000000713e00000| PB 0x0000000713e00000| Untracked 
| 160|0x0000000714000000, 0x0000000714200000, 0x0000000714200000|100%| O|  |TAMS 0x0000000714000000| PB 0x0000000714000000| Untracked 
| 161|0x0000000714200000, 0x0000000714400000, 0x0000000714400000|100%| O|  |TAMS 0x0000000714200000| PB 0x0000000714200000| Untracked 
| 162|0x0000000714400000, 0x0000000714600000, 0x0000000714600000|100%| O|  |TAMS 0x0000000714400000| PB 0x0000000714400000| Untracked 
| 163|0x0000000714600000, 0x0000000714800000, 0x0000000714800000|100%| O|  |TAMS 0x0000000714600000| PB 0x0000000714600000| Untracked 
| 164|0x0000000714800000, 0x0000000714a00000, 0x0000000714a00000|100%| O|  |TAMS 0x0000000714800000| PB 0x0000000714800000| Untracked 
| 165|0x0000000714a00000, 0x0000000714c00000, 0x0000000714c00000|100%| O|Cm|TAMS 0x0000000714a00000| PB 0x0000000714a00000| Complete 
| 166|0x0000000714c00000, 0x0000000714e00000, 0x0000000714e00000|100%| O|  |TAMS 0x0000000714c00000| PB 0x0000000714c00000| Untracked 
| 167|0x0000000714e00000, 0x0000000715000000, 0x0000000715000000|100%| O|  |TAMS 0x0000000714e00000| PB 0x0000000714e00000| Untracked 
| 168|0x0000000715000000, 0x0000000715200000, 0x0000000715200000|100%| O|  |TAMS 0x0000000715000000| PB 0x0000000715000000| Untracked 
| 169|0x0000000715200000, 0x0000000715400000, 0x0000000715400000|100%| O|  |TAMS 0x0000000715200000| PB 0x0000000715200000| Untracked 
| 170|0x0000000715400000, 0x0000000715600000, 0x0000000715600000|100%| O|  |TAMS 0x0000000715400000| PB 0x0000000715400000| Untracked 
| 171|0x0000000715600000, 0x0000000715800000, 0x0000000715800000|100%| O|  |TAMS 0x0000000715600000| PB 0x0000000715600000| Untracked 
| 172|0x0000000715800000, 0x0000000715a00000, 0x0000000715a00000|100%| O|  |TAMS 0x0000000715800000| PB 0x0000000715800000| Untracked 
| 173|0x0000000715a00000, 0x0000000715c00000, 0x0000000715c00000|100%| O|  |TAMS 0x0000000715a00000| PB 0x0000000715a00000| Untracked 
| 174|0x0000000715c00000, 0x0000000715e00000, 0x0000000715e00000|100%| O|  |TAMS 0x0000000715c00000| PB 0x0000000715c00000| Untracked 
| 175|0x0000000715e00000, 0x0000000716000000, 0x0000000716000000|100%| O|  |TAMS 0x0000000715e00000| PB 0x0000000715e00000| Untracked 
| 176|0x0000000716000000, 0x0000000716200000, 0x0000000716200000|100%| O|  |TAMS 0x0000000716000000| PB 0x0000000716000000| Untracked 
| 177|0x0000000716200000, 0x0000000716400000, 0x0000000716400000|100%| O|  |TAMS 0x0000000716200000| PB 0x0000000716200000| Untracked 
| 178|0x0000000716400000, 0x0000000716600000, 0x0000000716600000|100%| O|  |TAMS 0x0000000716400000| PB 0x0000000716400000| Untracked 
| 179|0x0000000716600000, 0x0000000716800000, 0x0000000716800000|100%| O|  |TAMS 0x0000000716600000| PB 0x0000000716600000| Untracked 
| 180|0x0000000716800000, 0x0000000716a00000, 0x0000000716a00000|100%| O|  |TAMS 0x0000000716800000| PB 0x0000000716800000| Untracked 
| 181|0x0000000716a00000, 0x0000000716c00000, 0x0000000716c00000|100%| O|  |TAMS 0x0000000716a00000| PB 0x0000000716a00000| Untracked 
| 182|0x0000000716c00000, 0x0000000716e00000, 0x0000000716e00000|100%| O|  |TAMS 0x0000000716c00000| PB 0x0000000716c00000| Untracked 
| 183|0x0000000716e00000, 0x0000000717000000, 0x0000000717000000|100%| O|  |TAMS 0x0000000716e00000| PB 0x0000000716e00000| Untracked 
| 184|0x0000000717000000, 0x0000000717200000, 0x0000000717200000|100%| O|  |TAMS 0x0000000717000000| PB 0x0000000717000000| Untracked 
| 185|0x0000000717200000, 0x0000000717400000, 0x0000000717400000|100%| O|  |TAMS 0x0000000717200000| PB 0x0000000717200000| Untracked 
| 186|0x0000000717400000, 0x0000000717600000, 0x0000000717600000|100%| O|  |TAMS 0x0000000717400000| PB 0x0000000717400000| Untracked 
| 187|0x0000000717600000, 0x0000000717800000, 0x0000000717800000|100%| O|  |TAMS 0x0000000717600000| PB 0x0000000717600000| Untracked 
| 188|0x0000000717800000, 0x00000007178af7a0, 0x0000000717a00000| 34%| O|  |TAMS 0x0000000717800000| PB 0x0000000717800000| Untracked 
| 189|0x0000000717a00000, 0x0000000717a00000, 0x0000000717c00000|  0%| F|  |TAMS 0x0000000717a00000| PB 0x0000000717a00000| Untracked 
| 190|0x0000000717c00000, 0x0000000717c00000, 0x0000000717e00000|  0%| F|  |TAMS 0x0000000717c00000| PB 0x0000000717c00000| Untracked 
| 191|0x0000000717e00000, 0x0000000717e00000, 0x0000000718000000|  0%| F|  |TAMS 0x0000000717e00000| PB 0x0000000717e00000| Untracked 
| 192|0x0000000718000000, 0x0000000718000000, 0x0000000718200000|  0%| F|  |TAMS 0x0000000718000000| PB 0x0000000718000000| Untracked 
| 193|0x0000000718200000, 0x0000000718200000, 0x0000000718400000|  0%| F|  |TAMS 0x0000000718200000| PB 0x0000000718200000| Untracked 
| 194|0x0000000718400000, 0x0000000718400000, 0x0000000718600000|  0%| F|  |TAMS 0x0000000718400000| PB 0x0000000718400000| Untracked 
| 195|0x0000000718600000, 0x0000000718600000, 0x0000000718800000|  0%| F|  |TAMS 0x0000000718600000| PB 0x0000000718600000| Untracked 
| 196|0x0000000718800000, 0x0000000718800000, 0x0000000718a00000|  0%| F|  |TAMS 0x0000000718800000| PB 0x0000000718800000| Untracked 
| 197|0x0000000718a00000, 0x0000000718a00000, 0x0000000718c00000|  0%| F|  |TAMS 0x0000000718a00000| PB 0x0000000718a00000| Untracked 
| 198|0x0000000718c00000, 0x0000000718c00000, 0x0000000718e00000|  0%| F|  |TAMS 0x0000000718c00000| PB 0x0000000718c00000| Untracked 
| 199|0x0000000718e00000, 0x0000000718e00000, 0x0000000719000000|  0%| F|  |TAMS 0x0000000718e00000| PB 0x0000000718e00000| Untracked 
| 200|0x0000000719000000, 0x0000000719200000, 0x0000000719200000|100%| O|  |TAMS 0x0000000719000000| PB 0x0000000719000000| Untracked 
| 201|0x0000000719200000, 0x0000000719400000, 0x0000000719400000|100%| O|  |TAMS 0x0000000719200000| PB 0x0000000719200000| Untracked 
| 202|0x0000000719400000, 0x0000000719400000, 0x0000000719600000|  0%| F|  |TAMS 0x0000000719400000| PB 0x0000000719400000| Untracked 
| 203|0x0000000719600000, 0x0000000719600000, 0x0000000719800000|  0%| F|  |TAMS 0x0000000719600000| PB 0x0000000719600000| Untracked 
| 204|0x0000000719800000, 0x0000000719800000, 0x0000000719a00000|  0%| F|  |TAMS 0x0000000719800000| PB 0x0000000719800000| Untracked 
| 205|0x0000000719a00000, 0x0000000719a00000, 0x0000000719c00000|  0%| F|  |TAMS 0x0000000719a00000| PB 0x0000000719a00000| Untracked 
| 206|0x0000000719c00000, 0x0000000719c00000, 0x0000000719e00000|  0%| F|  |TAMS 0x0000000719c00000| PB 0x0000000719c00000| Untracked 
| 207|0x0000000719e00000, 0x0000000719e00000, 0x000000071a000000|  0%| F|  |TAMS 0x0000000719e00000| PB 0x0000000719e00000| Untracked 
| 208|0x000000071a000000, 0x000000071a000000, 0x000000071a200000|  0%| F|  |TAMS 0x000000071a000000| PB 0x000000071a000000| Untracked 
| 209|0x000000071a200000, 0x000000071a200000, 0x000000071a400000|  0%| F|  |TAMS 0x000000071a200000| PB 0x000000071a200000| Untracked 
| 210|0x000000071a400000, 0x000000071a400000, 0x000000071a600000|  0%| F|  |TAMS 0x000000071a400000| PB 0x000000071a400000| Untracked 
| 211|0x000000071a600000, 0x000000071a600000, 0x000000071a800000|  0%| F|  |TAMS 0x000000071a600000| PB 0x000000071a600000| Untracked 
| 212|0x000000071a800000, 0x000000071a800000, 0x000000071aa00000|  0%| F|  |TAMS 0x000000071a800000| PB 0x000000071a800000| Untracked 
| 213|0x000000071aa00000, 0x000000071aa00000, 0x000000071ac00000|  0%| F|  |TAMS 0x000000071aa00000| PB 0x000000071aa00000| Untracked 
| 214|0x000000071ac00000, 0x000000071ac00000, 0x000000071ae00000|  0%| F|  |TAMS 0x000000071ac00000| PB 0x000000071ac00000| Untracked 
| 215|0x000000071ae00000, 0x000000071ae00000, 0x000000071b000000|  0%| F|  |TAMS 0x000000071ae00000| PB 0x000000071ae00000| Untracked 
| 216|0x000000071b000000, 0x000000071b000000, 0x000000071b200000|  0%| F|  |TAMS 0x000000071b000000| PB 0x000000071b000000| Untracked 
| 217|0x000000071b200000, 0x000000071b200000, 0x000000071b400000|  0%| F|  |TAMS 0x000000071b200000| PB 0x000000071b200000| Untracked 
| 218|0x000000071b400000, 0x000000071b400000, 0x000000071b600000|  0%| F|  |TAMS 0x000000071b400000| PB 0x000000071b400000| Untracked 
| 219|0x000000071b600000, 0x000000071b600000, 0x000000071b800000|  0%| F|  |TAMS 0x000000071b600000| PB 0x000000071b600000| Untracked 
| 220|0x000000071b800000, 0x000000071b800000, 0x000000071ba00000|  0%| F|  |TAMS 0x000000071b800000| PB 0x000000071b800000| Untracked 
| 221|0x000000071ba00000, 0x000000071ba00000, 0x000000071bc00000|  0%| F|  |TAMS 0x000000071ba00000| PB 0x000000071ba00000| Untracked 
| 222|0x000000071bc00000, 0x000000071bc00000, 0x000000071be00000|  0%| F|  |TAMS 0x000000071bc00000| PB 0x000000071bc00000| Untracked 
| 223|0x000000071be00000, 0x000000071be00000, 0x000000071c000000|  0%| F|  |TAMS 0x000000071be00000| PB 0x000000071be00000| Untracked 
| 224|0x000000071c000000, 0x000000071c000000, 0x000000071c200000|  0%| F|  |TAMS 0x000000071c000000| PB 0x000000071c000000| Untracked 
| 225|0x000000071c200000, 0x000000071c200000, 0x000000071c400000|  0%| F|  |TAMS 0x000000071c200000| PB 0x000000071c200000| Untracked 
| 226|0x000000071c400000, 0x000000071c400000, 0x000000071c600000|  0%| F|  |TAMS 0x000000071c400000| PB 0x000000071c400000| Untracked 
| 227|0x000000071c600000, 0x000000071c600000, 0x000000071c800000|  0%| F|  |TAMS 0x000000071c600000| PB 0x000000071c600000| Untracked 
| 228|0x000000071c800000, 0x000000071c800000, 0x000000071ca00000|  0%| F|  |TAMS 0x000000071c800000| PB 0x000000071c800000| Untracked 
| 229|0x000000071ca00000, 0x000000071ca00000, 0x000000071cc00000|  0%| F|  |TAMS 0x000000071ca00000| PB 0x000000071ca00000| Untracked 
| 230|0x000000071cc00000, 0x000000071cc00000, 0x000000071ce00000|  0%| F|  |TAMS 0x000000071cc00000| PB 0x000000071cc00000| Untracked 
| 231|0x000000071ce00000, 0x000000071d000000, 0x000000071d000000|100%| S|CS|TAMS 0x000000071ce00000| PB 0x000000071ce00000| Complete 
| 232|0x000000071d000000, 0x000000071d200000, 0x000000071d200000|100%| S|CS|TAMS 0x000000071d000000| PB 0x000000071d000000| Complete 
| 233|0x000000071d200000, 0x000000071d400000, 0x000000071d400000|100%| S|CS|TAMS 0x000000071d200000| PB 0x000000071d200000| Complete 
| 234|0x000000071d400000, 0x000000071d600000, 0x000000071d600000|100%| S|CS|TAMS 0x000000071d400000| PB 0x000000071d400000| Complete 
| 235|0x000000071d600000, 0x000000071d800000, 0x000000071d800000|100%| S|CS|TAMS 0x000000071d600000| PB 0x000000071d600000| Complete 
| 236|0x000000071d800000, 0x000000071da00000, 0x000000071da00000|100%| S|CS|TAMS 0x000000071d800000| PB 0x000000071d800000| Complete 
| 237|0x000000071da00000, 0x000000071dc00000, 0x000000071dc00000|100%| S|CS|TAMS 0x000000071da00000| PB 0x000000071da00000| Complete 
| 238|0x000000071dc00000, 0x000000071de00000, 0x000000071de00000|100%| S|CS|TAMS 0x000000071dc00000| PB 0x000000071dc00000| Complete 
| 239|0x000000071de00000, 0x000000071e000000, 0x000000071e000000|100%| S|CS|TAMS 0x000000071de00000| PB 0x000000071de00000| Complete 
| 240|0x000000071e000000, 0x000000071e200000, 0x000000071e200000|100%| S|CS|TAMS 0x000000071e000000| PB 0x000000071e000000| Complete 
| 241|0x000000071e200000, 0x000000071e400000, 0x000000071e400000|100%| S|CS|TAMS 0x000000071e200000| PB 0x000000071e200000| Complete 
| 242|0x000000071e400000, 0x000000071e400000, 0x000000071e600000|  0%| F|  |TAMS 0x000000071e400000| PB 0x000000071e400000| Untracked 
| 243|0x000000071e600000, 0x000000071e600000, 0x000000071e800000|  0%| F|  |TAMS 0x000000071e600000| PB 0x000000071e600000| Untracked 
| 244|0x000000071e800000, 0x000000071e800000, 0x000000071ea00000|  0%| F|  |TAMS 0x000000071e800000| PB 0x000000071e800000| Untracked 
| 245|0x000000071ea00000, 0x000000071ea00000, 0x000000071ec00000|  0%| F|  |TAMS 0x000000071ea00000| PB 0x000000071ea00000| Untracked 
| 246|0x000000071ec00000, 0x000000071ec00000, 0x000000071ee00000|  0%| F|  |TAMS 0x000000071ec00000| PB 0x000000071ec00000| Untracked 
| 247|0x000000071ee00000, 0x000000071ee00000, 0x000000071f000000|  0%| F|  |TAMS 0x000000071ee00000| PB 0x000000071ee00000| Untracked 
| 248|0x000000071f000000, 0x000000071f000000, 0x000000071f200000|  0%| F|  |TAMS 0x000000071f000000| PB 0x000000071f000000| Untracked 
| 249|0x000000071f200000, 0x000000071f200000, 0x000000071f400000|  0%| F|  |TAMS 0x000000071f200000| PB 0x000000071f200000| Untracked 
| 250|0x000000071f400000, 0x000000071f400000, 0x000000071f600000|  0%| F|  |TAMS 0x000000071f400000| PB 0x000000071f400000| Untracked 
| 251|0x000000071f600000, 0x000000071f600000, 0x000000071f800000|  0%| F|  |TAMS 0x000000071f600000| PB 0x000000071f600000| Untracked 
| 252|0x000000071f800000, 0x000000071f800000, 0x000000071fa00000|  0%| F|  |TAMS 0x000000071f800000| PB 0x000000071f800000| Untracked 
| 253|0x000000071fa00000, 0x000000071fa00000, 0x000000071fc00000|  0%| F|  |TAMS 0x000000071fa00000| PB 0x000000071fa00000| Untracked 
| 254|0x000000071fc00000, 0x000000071fc00000, 0x000000071fe00000|  0%| F|  |TAMS 0x000000071fc00000| PB 0x000000071fc00000| Untracked 
| 255|0x000000071fe00000, 0x000000071fe00000, 0x0000000720000000|  0%| F|  |TAMS 0x000000071fe00000| PB 0x000000071fe00000| Untracked 
| 256|0x0000000720000000, 0x0000000720000000, 0x0000000720200000|  0%| F|  |TAMS 0x0000000720000000| PB 0x0000000720000000| Untracked 
| 257|0x0000000720200000, 0x0000000720200000, 0x0000000720400000|  0%| F|  |TAMS 0x0000000720200000| PB 0x0000000720200000| Untracked 
| 258|0x0000000720400000, 0x0000000720400000, 0x0000000720600000|  0%| F|  |TAMS 0x0000000720400000| PB 0x0000000720400000| Untracked 
| 259|0x0000000720600000, 0x0000000720600000, 0x0000000720800000|  0%| F|  |TAMS 0x0000000720600000| PB 0x0000000720600000| Untracked 
| 260|0x0000000720800000, 0x0000000720800000, 0x0000000720a00000|  0%| F|  |TAMS 0x0000000720800000| PB 0x0000000720800000| Untracked 
| 261|0x0000000720a00000, 0x0000000720a00000, 0x0000000720c00000|  0%| F|  |TAMS 0x0000000720a00000| PB 0x0000000720a00000| Untracked 
| 262|0x0000000720c00000, 0x0000000720c00000, 0x0000000720e00000|  0%| F|  |TAMS 0x0000000720c00000| PB 0x0000000720c00000| Untracked 
| 263|0x0000000720e00000, 0x0000000720e00000, 0x0000000721000000|  0%| F|  |TAMS 0x0000000720e00000| PB 0x0000000720e00000| Untracked 
| 264|0x0000000721000000, 0x0000000721000000, 0x0000000721200000|  0%| F|  |TAMS 0x0000000721000000| PB 0x0000000721000000| Untracked 
| 265|0x0000000721200000, 0x0000000721200000, 0x0000000721400000|  0%| F|  |TAMS 0x0000000721200000| PB 0x0000000721200000| Untracked 
| 266|0x0000000721400000, 0x0000000721400000, 0x0000000721600000|  0%| F|  |TAMS 0x0000000721400000| PB 0x0000000721400000| Untracked 
| 267|0x0000000721600000, 0x0000000721600000, 0x0000000721800000|  0%| F|  |TAMS 0x0000000721600000| PB 0x0000000721600000| Untracked 
| 268|0x0000000721800000, 0x0000000721800000, 0x0000000721a00000|  0%| F|  |TAMS 0x0000000721800000| PB 0x0000000721800000| Untracked 
| 269|0x0000000721a00000, 0x0000000721a00000, 0x0000000721c00000|  0%| F|  |TAMS 0x0000000721a00000| PB 0x0000000721a00000| Untracked 
| 270|0x0000000721c00000, 0x0000000721c00000, 0x0000000721e00000|  0%| F|  |TAMS 0x0000000721c00000| PB 0x0000000721c00000| Untracked 
| 271|0x0000000721e00000, 0x0000000721e00000, 0x0000000722000000|  0%| F|  |TAMS 0x0000000721e00000| PB 0x0000000721e00000| Untracked 
| 272|0x0000000722000000, 0x0000000722000000, 0x0000000722200000|  0%| F|  |TAMS 0x0000000722000000| PB 0x0000000722000000| Untracked 
| 273|0x0000000722200000, 0x0000000722200000, 0x0000000722400000|  0%| F|  |TAMS 0x0000000722200000| PB 0x0000000722200000| Untracked 
| 274|0x0000000722400000, 0x0000000722400000, 0x0000000722600000|  0%| F|  |TAMS 0x0000000722400000| PB 0x0000000722400000| Untracked 
| 275|0x0000000722600000, 0x0000000722600000, 0x0000000722800000|  0%| F|  |TAMS 0x0000000722600000| PB 0x0000000722600000| Untracked 
| 276|0x0000000722800000, 0x0000000722800000, 0x0000000722a00000|  0%| F|  |TAMS 0x0000000722800000| PB 0x0000000722800000| Untracked 
| 277|0x0000000722a00000, 0x0000000722a00000, 0x0000000722c00000|  0%| F|  |TAMS 0x0000000722a00000| PB 0x0000000722a00000| Untracked 
| 278|0x0000000722c00000, 0x0000000722c00000, 0x0000000722e00000|  0%| F|  |TAMS 0x0000000722c00000| PB 0x0000000722c00000| Untracked 
| 279|0x0000000722e00000, 0x0000000722e00000, 0x0000000723000000|  0%| F|  |TAMS 0x0000000722e00000| PB 0x0000000722e00000| Untracked 
| 280|0x0000000723000000, 0x0000000723000000, 0x0000000723200000|  0%| F|  |TAMS 0x0000000723000000| PB 0x0000000723000000| Untracked 
| 281|0x0000000723200000, 0x0000000723200000, 0x0000000723400000|  0%| F|  |TAMS 0x0000000723200000| PB 0x0000000723200000| Untracked 
| 282|0x0000000723400000, 0x0000000723400000, 0x0000000723600000|  0%| F|  |TAMS 0x0000000723400000| PB 0x0000000723400000| Untracked 
| 283|0x0000000723600000, 0x0000000723600000, 0x0000000723800000|  0%| F|  |TAMS 0x0000000723600000| PB 0x0000000723600000| Untracked 
| 284|0x0000000723800000, 0x0000000723800000, 0x0000000723a00000|  0%| F|  |TAMS 0x0000000723800000| PB 0x0000000723800000| Untracked 
| 285|0x0000000723a00000, 0x0000000723a00000, 0x0000000723c00000|  0%| F|  |TAMS 0x0000000723a00000| PB 0x0000000723a00000| Untracked 
| 286|0x0000000723c00000, 0x0000000723c00000, 0x0000000723e00000|  0%| F|  |TAMS 0x0000000723c00000| PB 0x0000000723c00000| Untracked 
| 287|0x0000000723e00000, 0x0000000723e00000, 0x0000000724000000|  0%| F|  |TAMS 0x0000000723e00000| PB 0x0000000723e00000| Untracked 
| 288|0x0000000724000000, 0x0000000724000000, 0x0000000724200000|  0%| F|  |TAMS 0x0000000724000000| PB 0x0000000724000000| Untracked 
| 289|0x0000000724200000, 0x0000000724200000, 0x0000000724400000|  0%| F|  |TAMS 0x0000000724200000| PB 0x0000000724200000| Untracked 
| 290|0x0000000724400000, 0x0000000724400000, 0x0000000724600000|  0%| F|  |TAMS 0x0000000724400000| PB 0x0000000724400000| Untracked 
| 291|0x0000000724600000, 0x0000000724600000, 0x0000000724800000|  0%| F|  |TAMS 0x0000000724600000| PB 0x0000000724600000| Untracked 
| 292|0x0000000724800000, 0x0000000724800000, 0x0000000724a00000|  0%| F|  |TAMS 0x0000000724800000| PB 0x0000000724800000| Untracked 
| 293|0x0000000724a00000, 0x0000000724a00000, 0x0000000724c00000|  0%| F|  |TAMS 0x0000000724a00000| PB 0x0000000724a00000| Untracked 
| 294|0x0000000724c00000, 0x0000000724c00000, 0x0000000724e00000|  0%| F|  |TAMS 0x0000000724c00000| PB 0x0000000724c00000| Untracked 
| 295|0x0000000724e00000, 0x0000000724e00000, 0x0000000725000000|  0%| F|  |TAMS 0x0000000724e00000| PB 0x0000000724e00000| Untracked 
| 296|0x0000000725000000, 0x0000000725000000, 0x0000000725200000|  0%| F|  |TAMS 0x0000000725000000| PB 0x0000000725000000| Untracked 
| 297|0x0000000725200000, 0x0000000725200000, 0x0000000725400000|  0%| F|  |TAMS 0x0000000725200000| PB 0x0000000725200000| Untracked 
| 298|0x0000000725400000, 0x0000000725400000, 0x0000000725600000|  0%| F|  |TAMS 0x0000000725400000| PB 0x0000000725400000| Untracked 
| 299|0x0000000725600000, 0x0000000725600000, 0x0000000725800000|  0%| F|  |TAMS 0x0000000725600000| PB 0x0000000725600000| Untracked 
| 300|0x0000000725800000, 0x0000000725800000, 0x0000000725a00000|  0%| F|  |TAMS 0x0000000725800000| PB 0x0000000725800000| Untracked 
| 301|0x0000000725a00000, 0x0000000725a00000, 0x0000000725c00000|  0%| F|  |TAMS 0x0000000725a00000| PB 0x0000000725a00000| Untracked 
| 302|0x0000000725c00000, 0x0000000725c00000, 0x0000000725e00000|  0%| F|  |TAMS 0x0000000725c00000| PB 0x0000000725c00000| Untracked 
| 303|0x0000000725e00000, 0x0000000725e00000, 0x0000000726000000|  0%| F|  |TAMS 0x0000000725e00000| PB 0x0000000725e00000| Untracked 
| 304|0x0000000726000000, 0x0000000726000000, 0x0000000726200000|  0%| F|  |TAMS 0x0000000726000000| PB 0x0000000726000000| Untracked 
| 305|0x0000000726200000, 0x0000000726200000, 0x0000000726400000|  0%| F|  |TAMS 0x0000000726200000| PB 0x0000000726200000| Untracked 
| 306|0x0000000726400000, 0x0000000726400000, 0x0000000726600000|  0%| F|  |TAMS 0x0000000726400000| PB 0x0000000726400000| Untracked 
| 307|0x0000000726600000, 0x0000000726600000, 0x0000000726800000|  0%| F|  |TAMS 0x0000000726600000| PB 0x0000000726600000| Untracked 
| 308|0x0000000726800000, 0x0000000726800000, 0x0000000726a00000|  0%| F|  |TAMS 0x0000000726800000| PB 0x0000000726800000| Untracked 
| 309|0x0000000726a00000, 0x0000000726a00000, 0x0000000726c00000|  0%| F|  |TAMS 0x0000000726a00000| PB 0x0000000726a00000| Untracked 
| 310|0x0000000726c00000, 0x0000000726c00000, 0x0000000726e00000|  0%| F|  |TAMS 0x0000000726c00000| PB 0x0000000726c00000| Untracked 
| 311|0x0000000726e00000, 0x0000000726e00000, 0x0000000727000000|  0%| F|  |TAMS 0x0000000726e00000| PB 0x0000000726e00000| Untracked 
| 312|0x0000000727000000, 0x0000000727000000, 0x0000000727200000|  0%| F|  |TAMS 0x0000000727000000| PB 0x0000000727000000| Untracked 
| 313|0x0000000727200000, 0x0000000727200000, 0x0000000727400000|  0%| F|  |TAMS 0x0000000727200000| PB 0x0000000727200000| Untracked 
| 314|0x0000000727400000, 0x0000000727400000, 0x0000000727600000|  0%| F|  |TAMS 0x0000000727400000| PB 0x0000000727400000| Untracked 
| 315|0x0000000727600000, 0x0000000727600000, 0x0000000727800000|  0%| F|  |TAMS 0x0000000727600000| PB 0x0000000727600000| Untracked 
| 316|0x0000000727800000, 0x0000000727800000, 0x0000000727a00000|  0%| F|  |TAMS 0x0000000727800000| PB 0x0000000727800000| Untracked 
| 317|0x0000000727a00000, 0x0000000727a00000, 0x0000000727c00000|  0%| F|  |TAMS 0x0000000727a00000| PB 0x0000000727a00000| Untracked 
|2032|0x00000007fe000000, 0x00000007fe200000, 0x00000007fe200000|100%| O|  |TAMS 0x00000007fe000000| PB 0x00000007fe000000| Untracked 
|2033|0x00000007fe200000, 0x00000007fe400000, 0x00000007fe400000|100%| O|  |TAMS 0x00000007fe200000| PB 0x00000007fe200000| Untracked 
|2034|0x00000007fe400000, 0x00000007fe600000, 0x00000007fe600000|100%| O|  |TAMS 0x00000007fe400000| PB 0x00000007fe400000| Untracked 
|2035|0x00000007fe600000, 0x00000007fe800000, 0x00000007fe800000|100%| O|  |TAMS 0x00000007fe600000| PB 0x00000007fe600000| Untracked 
|2036|0x00000007fe800000, 0x00000007fea00000, 0x00000007fea00000|100%| O|  |TAMS 0x00000007fe800000| PB 0x00000007fe800000| Untracked 
|2037|0x00000007fea00000, 0x00000007feb00000, 0x00000007fec00000| 50%| E|  |TAMS 0x00000007fea00000| PB 0x00000007fea00000| Complete 
|2038|0x00000007fec00000, 0x00000007fee00000, 0x00000007fee00000|100%| E|CS|TAMS 0x00000007fec00000| PB 0x00000007fec00000| Complete 
|2039|0x00000007fee00000, 0x00000007ff000000, 0x00000007ff000000|100%| E|CS|TAMS 0x00000007fee00000| PB 0x00000007fee00000| Complete 
|2040|0x00000007ff000000, 0x00000007ff200000, 0x00000007ff200000|100%| O|  |TAMS 0x00000007ff000000| PB 0x00000007ff000000| Untracked 
|2041|0x00000007ff200000, 0x00000007ff400000, 0x00000007ff400000|100%| E|CS|TAMS 0x00000007ff200000| PB 0x00000007ff200000| Complete 
|2042|0x00000007ff400000, 0x00000007ff600000, 0x00000007ff600000|100%| E|CS|TAMS 0x00000007ff400000| PB 0x00000007ff400000| Complete 
|2043|0x00000007ff600000, 0x00000007ff800000, 0x00000007ff800000|100%| E|CS|TAMS 0x00000007ff600000| PB 0x00000007ff600000| Complete 
|2044|0x00000007ff800000, 0x00000007ffa00000, 0x00000007ffa00000|100%| E|CS|TAMS 0x00000007ff800000| PB 0x00000007ff800000| Complete 
|2045|0x00000007ffa00000, 0x00000007ffc00000, 0x00000007ffc00000|100%| E|CS|TAMS 0x00000007ffa00000| PB 0x00000007ffa00000| Complete 
|2046|0x00000007ffc00000, 0x00000007ffe00000, 0x00000007ffe00000|100%| E|CS|TAMS 0x00000007ffc00000| PB 0x00000007ffc00000| Complete 
|2047|0x00000007ffe00000, 0x0000000800000000, 0x0000000800000000|100%| O|  |TAMS 0x00000007ffe00000| PB 0x00000007ffe00000| Untracked 

Card table byte_map: [0x0000021e176a0000,0x0000021e17ea0000] _byte_map_base: 0x0000021e13ea0000

Marking Bits: (CMBitMap*) 0x0000021e045279b0
 Bits: [0x0000021e17ea0000, 0x0000021e1bea0000)

Polling page: 0x0000021e03c80000

Metaspace:

Usage:
  Non-class:    243.84 MB used.
      Class:     34.26 MB used.
       Both:    278.10 MB used.

Virtual space:
  Non-class space:      256.00 MB reserved,     245.38 MB ( 96%) committed,  4 nodes.
      Class space:        1.00 GB reserved,      35.75 MB (  3%) committed,  1 nodes.
             Both:        1.25 GB reserved,     281.12 MB ( 22%) committed. 

Chunk freelists:
   Non-Class:  9.98 MB
       Class:  12.20 MB
        Both:  22.19 MB

MaxMetaspaceSize: unlimited
CompressedClassSpaceSize: 1.00 GB
Initial GC threshold: 21.00 MB
Current GC threshold: 456.38 MB
CDS: off
 - commit_granule_bytes: 65536.
 - commit_granule_words: 8192.
 - virtual_space_node_default_size: 8388608.
 - enlarge_chunks_in_place: 1.
 - use_allocation_guard: 0.


Internal statistics:

num_allocs_failed_limit: 9.
num_arena_births: 6222.
num_arena_deaths: 20.
num_vsnodes_births: 5.
num_vsnodes_deaths: 0.
num_space_committed: 4587.
num_space_uncommitted: 45.
num_chunks_returned_to_freelist: 399.
num_chunks_taken_from_freelist: 18220.
num_chunk_merges: 104.
num_chunk_splits: 12794.
num_chunks_enlarged: 9139.
num_inconsistent_stats: 0.

CodeHeap 'non-profiled nmethods': size=119168Kb used=19600Kb max_used=25299Kb free=99567Kb
 bounds [0x0000021e0f1c0000, 0x0000021e10a80000, 0x0000021e16620000]
CodeHeap 'profiled nmethods': size=119104Kb used=85969Kb max_used=102727Kb free=33134Kb
 bounds [0x0000021e07620000, 0x0000021e0da90000, 0x0000021e0ea70000]
CodeHeap 'non-nmethods': size=7488Kb used=4213Kb max_used=4255Kb free=3275Kb
 bounds [0x0000021e0ea70000, 0x0000021e0eeb0000, 0x0000021e0f1c0000]
CodeCache: size=245760Kb, used=109782Kb, max_used=132281Kb, free=135976Kb
 total_blobs=25180, nmethods=23839, adapters=1236, full_count=0
Compilation: enabled, stopped_count=0, restarted_count=0

Compilation events (20 events):
Event: 91.997 Thread 0x0000021e1f167aa0 nmethod 52135 0x0000021e0cc53590 code [0x0000021e0cc538a0, 0x0000021e0cc547d8]
Event: 91.997 Thread 0x0000021e1f30c200 nmethod 52132 0x0000021e0a180b10 code [0x0000021e0a181260, 0x0000021e0a1867c0]
Event: 91.998 Thread 0x0000021e1f30bb30 nmethod 52134 0x0000021e0a17c090 code [0x0000021e0a17c720, 0x0000021e0a17fba8]
Event: 91.998 Thread 0x0000021e24f7e8b0 52139       3       org.jetbrains.kotlin.backend.common.lower.InventNamesForLocalClasses$NameInventor::isSuspendNonLocal (52 bytes)
Event: 91.999 Thread 0x0000021e24f7e8b0 nmethod 52139 0x0000021e0cc52010 code [0x0000021e0cc522c0, 0x0000021e0cc531a0]
Event: 91.999 Thread 0x0000021e1f167aa0 52140       3       org.jetbrains.kotlin.backend.common.lower.loops.handlers.CollectionIndicesHandler::<init> (12 bytes)
Event: 92.000 Thread 0x0000021e1f30c200 52141       3       org.jetbrains.kotlin.backend.common.lower.loops.handlers.ArrayIndicesHandler::<init> (22 bytes)
Event: 92.000 Thread 0x0000021e24f7e8b0 52142       3       org.jetbrains.kotlin.backend.common.lower.loops.handlers.CharSequenceIndicesHandler::<init> (12 bytes)
Event: 92.000 Thread 0x0000021e1f30bb30 52143       3       org.jetbrains.kotlin.backend.common.lower.loops.handlers.UntilHandler::<init> (32 bytes)
Event: 92.000 Thread 0x0000021e1f167aa0 nmethod 52140 0x0000021e0cc50d10 code [0x0000021e0cc50fc0, 0x0000021e0cc51ba8]
Event: 92.000 Thread 0x0000021e1f30c200 nmethod 52141 0x0000021e0a17ac90 code [0x0000021e0a17af60, 0x0000021e0a17bbf0]
Event: 92.000 Thread 0x0000021e1f30bb30 nmethod 52143 0x0000021e0a179c90 code [0x0000021e0a179f00, 0x0000021e0a17a8f0]
Event: 92.000 Thread 0x0000021e24f7e8b0 nmethod 52142 0x0000021e0a178990 code [0x0000021e0a178c40, 0x0000021e0a179828]
Event: 92.001 Thread 0x0000021e24f7e8b0 52144       3       org.jetbrains.kotlin.backend.common.lower.loops.handlers.RangeUntilHandler::<init> (32 bytes)
Event: 92.001 Thread 0x0000021e1f167aa0 52148       3       org.jetbrains.kotlin.config.phaser.NamedCompilerPhase::runAfter (126 bytes)
Event: 92.001 Thread 0x0000021e1f30c200 52145       3       org.jetbrains.kotlin.backend.common.lower.loops.handlers.DownToHandler::<init> (45 bytes)
Event: 92.001 Thread 0x0000021e1f30bb30 52146       3       org.jetbrains.kotlin.backend.common.lower.loops.handlers.RangeToHandler::<init> (149 bytes)
Event: 92.001 Thread 0x0000021e1f30c200 nmethod 52145 0x0000021e0a177890 code [0x0000021e0a177b00, 0x0000021e0a1785a0]
Event: 92.001 Thread 0x0000021e1f167aa0 nmethod 52148 0x0000021e0a176290 code [0x0000021e0a176540, 0x0000021e0a177400]
Event: 92.001 Thread 0x0000021e1f30c200 52147       3       org.jetbrains.kotlin.backend.common.lower.loops.handlers.CharSequenceIterationHandler::<init> (13 bytes)

GC Heap History (20 events):
Event: 68.713 GC heap before
{Heap before GC invocations=105 (full 0):
 garbage-first heap   total 530432K, used 471040K [0x0000000700000000, 0x0000000800000000)
  region size 2048K, 69 young (141312K), 9 survivors (18432K)
 Metaspace       used 255205K, committed 258240K, reserved 1310720K
  class space    used 32638K, committed 34176K, reserved 1048576K
}
Event: 68.734 GC heap after
{Heap after GC invocations=106 (full 0):
 garbage-first heap   total 530432K, used 323340K [0x0000000700000000, 0x0000000800000000)
  region size 2048K, 9 young (18432K), 9 survivors (18432K)
 Metaspace       used 255205K, committed 258240K, reserved 1310720K
  class space    used 32638K, committed 34176K, reserved 1048576K
}
Event: 70.752 GC heap before
{Heap before GC invocations=106 (full 0):
 garbage-first heap   total 530432K, used 380684K [0x0000000700000000, 0x0000000800000000)
  region size 2048K, 38 young (77824K), 9 survivors (18432K)
 Metaspace       used 256595K, committed 259584K, reserved 1310720K
  class space    used 32715K, committed 34240K, reserved 1048576K
}
Event: 70.761 GC heap after
{Heap after GC invocations=107 (full 0):
 garbage-first heap   total 530432K, used 332271K [0x0000000700000000, 0x0000000800000000)
  region size 2048K, 4 young (8192K), 4 survivors (8192K)
 Metaspace       used 256595K, committed 259584K, reserved 1310720K
  class space    used 32715K, committed 34240K, reserved 1048576K
}
Event: 73.546 GC heap before
{Heap before GC invocations=108 (full 0):
 garbage-first heap   total 557056K, used 469487K [0x0000000700000000, 0x0000000800000000)
  region size 2048K, 71 young (145408K), 4 survivors (8192K)
 Metaspace       used 257169K, committed 260224K, reserved 1310720K
  class space    used 32715K, committed 34240K, reserved 1048576K
}
Event: 73.552 GC heap after
{Heap after GC invocations=109 (full 0):
 garbage-first heap   total 557056K, used 336586K [0x0000000700000000, 0x0000000800000000)
  region size 2048K, 6 young (12288K), 6 survivors (12288K)
 Metaspace       used 257169K, committed 260224K, reserved 1310720K
  class space    used 32715K, committed 34240K, reserved 1048576K
}
Event: 76.298 GC heap before
{Heap before GC invocations=109 (full 0):
 garbage-first heap   total 557056K, used 496330K [0x0000000700000000, 0x0000000800000000)
  region size 2048K, 84 young (172032K), 6 survivors (12288K)
 Metaspace       used 259270K, committed 262336K, reserved 1310720K
  class space    used 32923K, committed 34432K, reserved 1048576K
}
Event: 76.317 GC heap after
{Heap after GC invocations=110 (full 0):
 garbage-first heap   total 557056K, used 349075K [0x0000000700000000, 0x0000000800000000)
  region size 2048K, 11 young (22528K), 11 survivors (22528K)
 Metaspace       used 259270K, committed 262336K, reserved 1310720K
  class space    used 32923K, committed 34432K, reserved 1048576K
}
Event: 78.245 GC heap before
{Heap before GC invocations=110 (full 0):
 garbage-first heap   total 557056K, used 469907K [0x0000000700000000, 0x0000000800000000)
  region size 2048K, 71 young (145408K), 11 survivors (22528K)
 Metaspace       used 259562K, committed 262592K, reserved 1310720K
  class space    used 32933K, committed 34432K, reserved 1048576K
}
Event: 78.257 GC heap after
{Heap after GC invocations=111 (full 0):
 garbage-first heap   total 557056K, used 359722K [0x0000000700000000, 0x0000000800000000)
  region size 2048K, 4 young (8192K), 4 survivors (8192K)
 Metaspace       used 259562K, committed 262592K, reserved 1310720K
  class space    used 32933K, committed 34432K, reserved 1048576K
}
Event: 83.450 GC heap before
{Heap before GC invocations=112 (full 0):
 garbage-first heap   total 602112K, used 509226K [0x0000000700000000, 0x0000000800000000)
  region size 2048K, 77 young (157696K), 4 survivors (8192K)
 Metaspace       used 264369K, committed 267392K, reserved 1310720K
  class space    used 33284K, committed 34816K, reserved 1048576K
}
Event: 83.459 GC heap after
{Heap after GC invocations=113 (full 0):
 garbage-first heap   total 602112K, used 367029K [0x0000000700000000, 0x0000000800000000)
  region size 2048K, 8 young (16384K), 8 survivors (16384K)
 Metaspace       used 264369K, committed 267392K, reserved 1310720K
  class space    used 33284K, committed 34816K, reserved 1048576K
}
Event: 84.825 GC heap before
{Heap before GC invocations=113 (full 0):
 garbage-first heap   total 602112K, used 440757K [0x0000000700000000, 0x0000000800000000)
  region size 2048K, 45 young (92160K), 8 survivors (16384K)
 Metaspace       used 264885K, committed 267840K, reserved 1310720K
  class space    used 33324K, committed 34816K, reserved 1048576K
}
Event: 84.834 GC heap after
{Heap after GC invocations=114 (full 0):
 garbage-first heap   total 602112K, used 371045K [0x0000000700000000, 0x0000000800000000)
  region size 2048K, 7 young (14336K), 7 survivors (14336K)
 Metaspace       used 264885K, committed 267840K, reserved 1310720K
  class space    used 33324K, committed 34816K, reserved 1048576K
}
Event: 88.004 GC heap before
{Heap before GC invocations=115 (full 0):
 garbage-first heap   total 622592K, used 555365K [0x0000000700000000, 0x0000000800000000)
  region size 2048K, 97 young (198656K), 7 survivors (14336K)
 Metaspace       used 274320K, committed 277312K, reserved 1310720K
  class space    used 34089K, committed 35584K, reserved 1048576K
}
Event: 88.026 GC heap after
{Heap after GC invocations=116 (full 0):
 garbage-first heap   total 622592K, used 400070K [0x0000000700000000, 0x0000000800000000)
  region size 2048K, 13 young (26624K), 13 survivors (26624K)
 Metaspace       used 274320K, committed 277312K, reserved 1310720K
  class space    used 34089K, committed 35584K, reserved 1048576K
}
Event: 88.924 GC heap before
{Heap before GC invocations=116 (full 0):
 garbage-first heap   total 622592K, used 467654K [0x0000000700000000, 0x0000000800000000)
  region size 2048K, 47 young (96256K), 13 survivors (26624K)
 Metaspace       used 277158K, committed 280192K, reserved 1310720K
  class space    used 34363K, committed 35904K, reserved 1048576K
}
Event: 88.942 GC heap after
{Heap after GC invocations=117 (full 0):
 garbage-first heap   total 622592K, used 407901K [0x0000000700000000, 0x0000000800000000)
  region size 2048K, 4 young (8192K), 4 survivors (8192K)
 Metaspace       used 277158K, committed 280192K, reserved 1310720K
  class space    used 34363K, committed 35904K, reserved 1048576K
}
Event: 91.462 GC heap before
{Heap before GC invocations=118 (full 0):
 garbage-first heap   total 684032K, used 573789K [0x0000000700000000, 0x0000000800000000)
  region size 2048K, 85 young (174080K), 4 survivors (8192K)
 Metaspace       used 282402K, committed 285504K, reserved 1310720K
  class space    used 34851K, committed 36416K, reserved 1048576K
}
Event: 91.474 GC heap after
{Heap after GC invocations=119 (full 0):
 garbage-first heap   total 684032K, used 426685K [0x0000000700000000, 0x0000000800000000)
  region size 2048K, 11 young (22528K), 11 survivors (22528K)
 Metaspace       used 282402K, committed 285504K, reserved 1310720K
  class space    used 34851K, committed 36416K, reserved 1048576K
}

Dll operation events (4 events):
Event: 0.013 Loaded shared library C:\Program Files\Android\Android Studio\jbr\bin\java.dll
Event: 0.021 Loaded shared library C:\Program Files\Android\Android Studio\jbr\bin\zip.dll
Event: 1.138 Loaded shared library C:\Program Files\Android\Android Studio\jbr\bin\verify.dll
Event: 65.751 Unloaded dll "C:\Users\David Tembhare\AppData\Local\Temp\sqlite-3.41.2.2-ec64fb89-8d69-4843-ac27-3a88441188a5-sqlitejdbc.dll" [0x00007ffc52480000]

Deoptimization events (20 events):
Event: 91.938 Thread 0x0000021e2d3418d0 Uncommon trap: trap_request=0xffffff66 fr.pc=0x0000021e104c6734 relative=0x0000000000000d94
Event: 91.938 Thread 0x0000021e2d3418d0 Uncommon trap: reason=speculate_class_check action=maybe_recompile pc=0x0000021e104c6734 method=org.jetbrains.kotlin.ir.declarations.IrSimpleFunction.accept(Lorg/jetbrains/kotlin/ir/visitors/IrVisitor;Ljava/lang/Object;)Ljava/lang/Object; @ 9 c2
Event: 91.938 Thread 0x0000021e2d3418d0 DEOPT PACKING pc=0x0000021e104c6734 sp=0x0000009c6d5fd3a0
Event: 91.938 Thread 0x0000021e2d3418d0 DEOPT UNPACKING pc=0x0000021e0eac4422 sp=0x0000009c6d5fd2c0 mode 2
Event: 91.957 Thread 0x0000021e2d3418d0 Uncommon trap: trap_request=0xffffff45 fr.pc=0x0000021e1053d0c8 relative=0x0000000000000288
Event: 91.957 Thread 0x0000021e2d3418d0 Uncommon trap: reason=unstable_if action=reinterpret pc=0x0000021e1053d0c8 method=org.jetbrains.kotlin.ir.util.IrTypeUtilsKt.isNullable(Lorg/jetbrains/kotlin/ir/types/IrType;)Z @ 73 c2
Event: 91.957 Thread 0x0000021e2d3418d0 DEOPT PACKING pc=0x0000021e1053d0c8 sp=0x0000009c6d5fd390
Event: 91.957 Thread 0x0000021e2d3418d0 DEOPT UNPACKING pc=0x0000021e0eac4422 sp=0x0000009c6d5fd2f0 mode 2
Event: 91.976 Thread 0x0000021e2d3418d0 Uncommon trap: trap_request=0xffffffde fr.pc=0x0000021e0fc02b64 relative=0x0000000000000b44
Event: 91.976 Thread 0x0000021e2d3418d0 Uncommon trap: reason=class_check action=maybe_recompile pc=0x0000021e0fc02b64 method=org.jetbrains.kotlin.types.model.TypeSystemContext.lowerBoundIfFlexible(Lorg/jetbrains/kotlin/types/model/KotlinTypeMarker;)Lorg/jetbrains/kotlin/types/model/RigidTypeMa
Event: 91.976 Thread 0x0000021e2d3418d0 DEOPT PACKING pc=0x0000021e0fc02b64 sp=0x0000009c6d5fcd20
Event: 91.976 Thread 0x0000021e2d3418d0 DEOPT UNPACKING pc=0x0000021e0eac4422 sp=0x0000009c6d5fccf8 mode 2
Event: 91.976 Thread 0x0000021e2d3418d0 Uncommon trap: trap_request=0xffffffde fr.pc=0x0000021e0fc02b64 relative=0x0000000000000b44
Event: 91.976 Thread 0x0000021e2d3418d0 Uncommon trap: reason=class_check action=maybe_recompile pc=0x0000021e0fc02b64 method=org.jetbrains.kotlin.types.model.TypeSystemContext.lowerBoundIfFlexible(Lorg/jetbrains/kotlin/types/model/KotlinTypeMarker;)Lorg/jetbrains/kotlin/types/model/RigidTypeMa
Event: 91.976 Thread 0x0000021e2d3418d0 DEOPT PACKING pc=0x0000021e0fc02b64 sp=0x0000009c6d5fcd20
Event: 91.976 Thread 0x0000021e2d3418d0 DEOPT UNPACKING pc=0x0000021e0eac4422 sp=0x0000009c6d5fccf8 mode 2
Event: 91.978 Thread 0x0000021e2d3418d0 Uncommon trap: trap_request=0xffffff45 fr.pc=0x0000021e100f3b58 relative=0x00000000000001f8
Event: 91.978 Thread 0x0000021e2d3418d0 Uncommon trap: reason=unstable_if action=reinterpret pc=0x0000021e100f3b58 method=org.jetbrains.kotlin.ir.util.IrUtilsKt.isFileClass(Lorg/jetbrains/kotlin/ir/declarations/IrDeclaration;)Z @ 58 c2
Event: 91.978 Thread 0x0000021e2d3418d0 DEOPT PACKING pc=0x0000021e100f3b58 sp=0x0000009c6d5fcdd0
Event: 91.978 Thread 0x0000021e2d3418d0 DEOPT UNPACKING pc=0x0000021e0eac4422 sp=0x0000009c6d5fcd70 mode 2

Classes loaded (20 events):
Event: 53.702 Loading class java/nio/file/attribute/FileTime$1
Event: 53.702 Loading class java/nio/file/attribute/FileTime$1 done
Event: 53.705 Loading class java/net/URLEncoder
Event: 53.706 Loading class java/net/URLEncoder done
Event: 57.752 Loading class java/lang/reflect/Executable$ParameterData
Event: 57.752 Loading class java/lang/reflect/Executable$ParameterData done
Event: 58.417 Loading class java/rmi/RemoteException
Event: 58.418 Loading class java/rmi/RemoteException done
Event: 58.422 Loading class java/util/concurrent/Executors$AutoShutdownDelegatedExecutorService
Event: 58.422 Loading class java/util/concurrent/Executors$DelegatedExecutorService
Event: 58.423 Loading class java/util/concurrent/Executors$DelegatedExecutorService done
Event: 58.423 Loading class java/util/concurrent/Executors$AutoShutdownDelegatedExecutorService done
Event: 64.517 Loading class java/text/StringCharacterIterator
Event: 64.517 Loading class java/text/CharacterIterator
Event: 64.517 Loading class java/text/CharacterIterator done
Event: 64.517 Loading class java/text/StringCharacterIterator done
Event: 79.813 Loading class java/text/MessageFormat
Event: 79.814 Loading class java/text/MessageFormat done
Event: 79.944 Loading class java/text/ChoiceFormat
Event: 79.945 Loading class java/text/ChoiceFormat done

Classes unloaded (20 events):
Event: 65.719 Thread 0x0000021e1e572dd0 Unloading class 0x00000008018ceb58 'androidx/room/compiler/processing/ksp/KspProcessingEnv$jvmVersion$2'
Event: 65.719 Thread 0x0000021e1e572dd0 Unloading class 0x00000008018ce6b8 'androidx/room/compiler/processing/XProcessingEnv$Platform'
Event: 65.719 Thread 0x0000021e1e572dd0 Unloading class 0x00000008018ce440 'androidx/room/compiler/processing/ksp/KspProcessingEnv$jvmPlatformInfo$2'
Event: 65.719 Thread 0x0000021e1e572dd0 Unloading class 0x00000008018cdfa0 'androidx/room/compiler/processing/XProcessingEnv$Backend'
Event: 65.719 Thread 0x0000021e1e572dd0 Unloading class 0x00000008018cdd68 'androidx/room/compiler/processing/XProcessingEnv$Companion'
Event: 65.719 Thread 0x0000021e1e572dd0 Unloading class 0x00000008018cd9a0 'androidx/room/compiler/processing/ksp/KspProcessingEnv'
Event: 65.719 Thread 0x0000021e1e572dd0 Unloading class 0x00000008018cd770 'androidx/room/compiler/processing/XProcessingEnv'
Event: 65.719 Thread 0x0000021e1e572dd0 Unloading class 0x00000008018cd4f8 'androidx/room/compiler/processing/ksp/KspBasicAnnotationProcessor$DelegateLogger'
Event: 65.719 Thread 0x0000021e1e572dd0 Unloading class 0x00000008018cd050 'androidx/room/processor/Context$BooleanProcessorOptions'
Event: 65.719 Thread 0x0000021e1e572dd0 Unloading class 0x00000008018cce10 'androidx/room/compiler/processing/XProcessingEnvConfig$Builder'
Event: 65.719 Thread 0x0000021e1e572dd0 Unloading class 0x00000008018ccbd8 'androidx/room/compiler/processing/XProcessingEnvConfig$Companion'
Event: 65.719 Thread 0x0000021e1e572dd0 Unloading class 0x00000008018cc9a0 'androidx/room/compiler/processing/XProcessingEnvConfig'
Event: 65.719 Thread 0x0000021e1e572dd0 Unloading class 0x00000008018cc768 'androidx/room/DatabaseProcessingStep$Companion'
Event: 65.719 Thread 0x0000021e1e572dd0 Unloading class 0x00000008018cc4f0 'androidx/room/DatabaseProcessingStep'
Event: 65.719 Thread 0x0000021e1e572dd0 Unloading class 0x00000008018cc2c0 'androidx/room/compiler/processing/XProcessingStep'
Event: 65.719 Thread 0x0000021e1e572dd0 Unloading class 0x00000008018cc000 'androidx/room/RoomKspProcessor'
Event: 65.719 Thread 0x0000021e1e572dd0 Unloading class 0x00000008012e2480 'androidx/room/compiler/processing/ksp/KspBasicAnnotationProcessor'
Event: 65.719 Thread 0x0000021e1e572dd0 Unloading class 0x00000008012e2250 'androidx/room/compiler/processing/XBasicAnnotationProcessor'
Event: 65.719 Thread 0x0000021e1e572dd0 Unloading class 0x00000008012e2000 'com/squareup/moshi/kotlin/codegen/ksp/JsonClassSymbolProcessorProvider'
Event: 65.719 Thread 0x0000021e1e572dd0 Unloading class 0x00000008012e1400 'androidx/room/RoomKspProcessor$Provider'

Classes redefined (0 events):
No events

Internal exceptions (20 events):
Event: 86.655 Thread 0x0000021e2d3418d0 Exception <a 'java/lang/NoSuchMethodError'{0x000000071da4b530}: 'java.lang.Object java.lang.invoke.DirectMethodHandle$Holder.newInvokeSpecial(java.lang.Object, java.lang.Object, java.lang.Object, java.lang.Object, java.lang.Object, java.lang.Object, java.lang.Object, int)'> (0x000000071da4b530) 
thrown [s\src\hotspot\share\interpreter\linkResolver.cpp, line 784]
Event: 86.656 Thread 0x0000021e2d3418d0 Exception <a 'java/lang/NoSuchMethodError'{0x000000071da4fac8}: 'java.lang.Object java.lang.invoke.DirectMethodHandle$Holder.invokeSpecial(java.lang.Object, java.lang.Object, java.lang.Object, java.lang.Object, java.lang.Object, java.lang.Object, java.lang.Object, java.lang.Object, int)'> (0x000000071da4fac8) 
thrown [s\src\hotspot\share\interpreter\linkResolver.cpp, line 784]
Event: 86.656 Thread 0x0000021e2d3418d0 Exception <a 'java/lang/NoSuchMethodError'{0x000000071da53968}: 'java.lang.Object java.lang.invoke.Invokers$Holder.linkToTargetMethod(java.lang.Object, java.lang.Object, java.lang.Object, java.lang.Object, java.lang.Object, java.lang.Object, int, java.lang.Object)'> (0x000000071da53968) 
thrown [s\src\hotspot\share\interpreter\linkResolver.cpp, line 784]
Event: 87.250 Thread 0x0000021e2d3418d0 Implicit null exception at 0x0000021e0f47fc71 to 0x0000021e0f47fe64
Event: 87.605 Thread 0x0000021e2d3418d0 Implicit null exception at 0x0000021e0fdc1cbf to 0x0000021e0fdc2228
Event: 88.264 Thread 0x0000021e2d3418d0 Implicit null exception at 0x0000021e0fb1bb8e to 0x0000021e0fb1c3b4
Event: 88.412 Thread 0x0000021e2d3418d0 Implicit null exception at 0x0000021e0fce01bc to 0x0000021e0fce02f0
Event: 89.576 Thread 0x0000021e2d3418d0 Implicit null exception at 0x0000021e0fcc07e0 to 0x0000021e0fcc0875
Event: 90.231 Thread 0x0000021e2d3418d0 Exception <a 'java/lang/NoSuchMethodError'{0x0000000723448308}: 'java.lang.Object java.lang.invoke.DirectMethodHandle$Holder.invokeStatic(java.lang.Object, java.lang.Object, java.lang.Object, java.lang.Object, java.lang.Object, int, java.lang.Object, java.lang.Object)'> (0x0000000723448308) 
thrown [s\src\hotspot\share\interpreter\linkResolver.cpp, line 784]
Event: 90.306 Thread 0x0000021e2d3418d0 Exception <a 'java/lang/NoSuchMethodError'{0x00000007231c2290}: 'java.lang.Object java.lang.invoke.DirectMethodHandle$Holder.invokeStatic(java.lang.Object, java.lang.Object, int, int, java.lang.Object, java.lang.Object)'> (0x00000007231c2290) 
thrown [s\src\hotspot\share\interpreter\linkResolver.cpp, line 784]
Event: 90.425 Thread 0x0000021e2d3418d0 Implicit null exception at 0x0000021e105681ed to 0x0000021e1056865c
Event: 90.875 Thread 0x0000021e2d3418d0 Exception <a 'java/lang/NoSuchMethodError'{0x00000007205b2888}: 'java.lang.Object java.lang.invoke.DirectMethodHandle$Holder.newInvokeSpecial(java.lang.Object, int, java.lang.Object, int, int)'> (0x00000007205b2888) 
thrown [s\src\hotspot\share\interpreter\linkResolver.cpp, line 784]
Event: 90.892 Thread 0x0000021e2d3418d0 Exception <a 'java/lang/NoSuchMethodError'{0x00000007202b6dd8}: 'java.lang.Object java.lang.invoke.DirectMethodHandle$Holder.newInvokeSpecial(java.lang.Object, int, java.lang.Object, int)'> (0x00000007202b6dd8) 
thrown [s\src\hotspot\share\interpreter\linkResolver.cpp, line 784]
Event: 90.892 Thread 0x0000021e2d3418d0 Exception <a 'java/lang/NoSuchMethodError'{0x00000007202baa50}: 'java.lang.Object java.lang.invoke.DirectMethodHandle$Holder.invokeSpecial(java.lang.Object, java.lang.Object, int, java.lang.Object, int)'> (0x00000007202baa50) 
thrown [s\src\hotspot\share\interpreter\linkResolver.cpp, line 784]
Event: 91.644 Thread 0x0000021e2d3418d0 Exception <a 'java/lang/NoSuchMethodError'{0x00000007ff8f07c0}: 'java.lang.Object java.lang.invoke.DirectMethodHandle$Holder.invokeStatic(java.lang.Object, java.lang.Object, java.lang.Object, java.lang.Object, int, java.lang.Object)'> (0x00000007ff8f07c0) 
thrown [s\src\hotspot\share\interpreter\linkResolver.cpp, line 784]
Event: 91.680 Thread 0x0000021e2d3418d0 Exception <a 'java/lang/NoSuchMethodError'{0x00000007ff9fca50}: 'java.lang.Object java.lang.invoke.DirectMethodHandle$Holder.invokeStatic(java.lang.Object, java.lang.Object, java.lang.Object, java.lang.Object, java.lang.Object, java.lang.Object, int, java.lang.Object, java.lang.Object, java.lang.Object)'> (0x00000007ff9fca50) 
thrown [s\src\hotspot\share\interpreter\linkResolver.cpp, line 784]
Event: 91.680 Thread 0x0000021e2d3418d0 Exception <a 'java/lang/NoSuchMethodError'{0x00000007ff606c50}: 'java.lang.Object java.lang.invoke.DirectMethodHandle$Holder.newInvokeSpecial(java.lang.Object, java.lang.Object, java.lang.Object, java.lang.Object, java.lang.Object, java.lang.Object, int, java.lang.Object)'> (0x00000007ff606c50) 
thrown [s\src\hotspot\share\interpreter\linkResolver.cpp, line 784]
Event: 91.680 Thread 0x0000021e2d3418d0 Exception <a 'java/lang/NoSuchMethodError'{0x00000007ff60b2a8}: 'java.lang.Object java.lang.invoke.DirectMethodHandle$Holder.invokeSpecial(java.lang.Object, java.lang.Object, java.lang.Object, java.lang.Object, java.lang.Object, java.lang.Object, java.lang.Object, int, java.lang.Object)'> (0x00000007ff60b2a8) 
thrown [s\src\hotspot\share\interpreter\linkResolver.cpp, line 784]
Event: 91.680 Thread 0x0000021e2d3418d0 Exception <a 'java/lang/NoSuchMethodError'{0x00000007ff60ed48}: 'java.lang.Object java.lang.invoke.Invokers$Holder.linkToTargetMethod(java.lang.Object, java.lang.Object, java.lang.Object, java.lang.Object, java.lang.Object, int, java.lang.Object, java.lang.Object)'> (0x00000007ff60ed48) 
thrown [s\src\hotspot\share\interpreter\linkResolver.cpp, line 784]
Event: 91.970 Thread 0x0000021e2d3418d0 Exception <a 'java/lang/NoSuchMethodError'{0x00000007fee8c960}: 'java.lang.Object java.lang.invoke.DirectMethodHandle$Holder.invokeStaticInit(java.lang.Object, java.lang.Object, int, java.lang.Object)'> (0x00000007fee8c960) 
thrown [s\src\hotspot\share\interpreter\linkResolver.cpp, line 784]

ZGC Phase Switch (0 events):
No events

VM Operations (20 events):
Event: 91.461 Executing VM operation: ICBufferFull
Event: 91.462 Executing VM operation: ICBufferFull done
Event: 91.462 Executing VM operation: G1CollectForAllocation (G1 Evacuation Pause)
Event: 91.474 Executing VM operation: G1CollectForAllocation (G1 Evacuation Pause) done
Event: 91.513 Executing VM operation: HandshakeAllThreads (Deoptimize)
Event: 91.513 Executing VM operation: HandshakeAllThreads (Deoptimize) done
Event: 91.570 Executing VM operation: HandshakeAllThreads (Deoptimize)
Event: 91.571 Executing VM operation: HandshakeAllThreads (Deoptimize) done
Event: 91.617 Executing VM operation: HandshakeAllThreads (Deoptimize)
Event: 91.617 Executing VM operation: HandshakeAllThreads (Deoptimize) done
Event: 91.639 Executing VM operation: HandshakeAllThreads (Deoptimize)
Event: 91.639 Executing VM operation: HandshakeAllThreads (Deoptimize) done
Event: 91.652 Executing VM operation: ICBufferFull
Event: 91.652 Executing VM operation: ICBufferFull done
Event: 91.833 Executing VM operation: ICBufferFull
Event: 91.834 Executing VM operation: ICBufferFull done
Event: 91.925 Executing VM operation: ICBufferFull
Event: 91.925 Executing VM operation: ICBufferFull done
Event: 91.949 Executing VM operation: HandshakeAllThreads (Deoptimize)
Event: 91.949 Executing VM operation: HandshakeAllThreads (Deoptimize) done

Memory protections (0 events):
No events

Nmethod flushes (20 events):
Event: 89.208 Thread 0x0000021e1e572dd0 flushing  nmethod 0x0000021e0aa04810
Event: 89.208 Thread 0x0000021e1e572dd0 flushing  nmethod 0x0000021e0b81bd90
Event: 89.208 Thread 0x0000021e1e572dd0 flushing  nmethod 0x0000021e0b962c10
Event: 89.208 Thread 0x0000021e1e572dd0 flushing  nmethod 0x0000021e0b963e90
Event: 89.208 Thread 0x0000021e1e572dd0 flushing  nmethod 0x0000021e0bb95b10
Event: 89.208 Thread 0x0000021e1e572dd0 flushing  nmethod 0x0000021e0bb98810
Event: 89.208 Thread 0x0000021e1e572dd0 flushing  nmethod 0x0000021e0bc71a10
Event: 89.208 Thread 0x0000021e1e572dd0 flushing  nmethod 0x0000021e0bd26590
Event: 89.208 Thread 0x0000021e1e572dd0 flushing  nmethod 0x0000021e0bd31490
Event: 89.208 Thread 0x0000021e1e572dd0 flushing  nmethod 0x0000021e0be5d990
Event: 89.208 Thread 0x0000021e1e572dd0 flushing  nmethod 0x0000021e0bf02190
Event: 89.208 Thread 0x0000021e1e572dd0 flushing  nmethod 0x0000021e0bf22190
Event: 89.208 Thread 0x0000021e1e572dd0 flushing  nmethod 0x0000021e0c2e5e90
Event: 89.208 Thread 0x0000021e1e572dd0 flushing  nmethod 0x0000021e0c2e8010
Event: 89.208 Thread 0x0000021e1e572dd0 flushing  nmethod 0x0000021e0c48ec10
Event: 89.208 Thread 0x0000021e1e572dd0 flushing  nmethod 0x0000021e0c6a8710
Event: 89.208 Thread 0x0000021e1e572dd0 flushing  nmethod 0x0000021e0ccab590
Event: 89.208 Thread 0x0000021e1e572dd0 flushing  nmethod 0x0000021e0d70c310
Event: 89.208 Thread 0x0000021e1e572dd0 flushing  nmethod 0x0000021e0d710b90
Event: 89.208 Thread 0x0000021e1e572dd0 flushing  nmethod 0x0000021e0d711e10

Events (20 events):
Event: 60.670 Thread 0x0000021e1f3113c0 Thread exited: 0x0000021e1f3113c0
Event: 60.744 Thread 0x0000021e2ab42cc0 Thread exited: 0x0000021e2ab42cc0
Event: 60.797 Thread 0x0000021e1f30c200 Thread added: 0x0000021e2c6e6620
Event: 61.068 Thread 0x0000021e2c6e6620 Thread exited: 0x0000021e2c6e6620
Event: 61.645 Thread 0x0000021e1f1519b0 Thread added: 0x0000021e28e563f0
Event: 62.020 Thread 0x0000021e28e563f0 Thread exited: 0x0000021e28e563f0
Event: 62.308 Thread 0x0000021e1f1519b0 Thread added: 0x0000021e33ef3d40
Event: 62.776 Thread 0x0000021e1f167aa0 Thread added: 0x0000021e24f7e8b0
Event: 64.720 Thread 0x0000021e33ef3d40 Thread exited: 0x0000021e33ef3d40
Event: 64.754 Thread 0x0000021e2ab44d90 Thread exited: 0x0000021e2ab44d90
Event: 65.075 Thread 0x0000021e1f30c200 Thread added: 0x0000021e3362f960
Event: 66.804 Thread 0x0000021e3362f960 Thread exited: 0x0000021e3362f960
Event: 68.421 Thread 0x0000021e1f1519b0 Thread added: 0x0000021e2c6e6cf0
Event: 81.507 Thread 0x0000021e24f7e8b0 Thread added: 0x0000021e3d7eaf50
Event: 85.669 Thread 0x0000021e3d7eaf50 Thread exited: 0x0000021e3d7eaf50
Event: 85.681 Thread 0x0000021e2c6e6cf0 Thread exited: 0x0000021e2c6e6cf0
Event: 85.736 Thread 0x0000021e1f30bb30 Thread added: 0x0000021e3d7eaf50
Event: 89.025 Thread 0x0000021e2ce9e5a0 Thread exited: 0x0000021e2ce9e5a0
Event: 89.414 Thread 0x0000021e28f18170 Thread exited: 0x0000021e28f18170
Event: 89.430 Thread 0x0000021e2ce9be40 Thread exited: 0x0000021e2ce9be40


Dynamic libraries:
0x00007ff601750000 - 0x00007ff60175a000 	C:\Program Files\Android\Android Studio\jbr\bin\java.exe
0x00007ffcf5b60000 - 0x00007ffcf5dc7000 	C:\WINDOWS\SYSTEM32\ntdll.dll
0x00007ffcf3950000 - 0x00007ffcf3a1b000 	C:\WINDOWS\System32\KERNEL32.DLL
0x00007ffcf3470000 - 0x00007ffcf3872000 	C:\WINDOWS\System32\KERNELBASE.dll
0x00007ffcf3090000 - 0x00007ffcf31dc000 	C:\WINDOWS\System32\ucrtbase.dll
0x00007ffce1100000 - 0x00007ffce1118000 	C:\Program Files\Android\Android Studio\jbr\bin\jli.dll
0x00007ffcb4e20000 - 0x00007ffcb4e3b000 	C:\Program Files\Android\Android Studio\jbr\bin\VCRUNTIME140.dll
0x00007ffcf5400000 - 0x00007ffcf55cf000 	C:\WINDOWS\System32\USER32.dll
0x00007ffcc9190000 - 0x00007ffcc9420000 	C:\WINDOWS\WinSxS\amd64_microsoft.windows.common-controls_6595b64144ccf1df_6.0.26100.9278_none_3e0d1ba8e3303201\COMCTL32.dll
0x00007ffcf3060000 - 0x00007ffcf3087000 	C:\WINDOWS\System32\win32u.dll
0x00007ffcf3a80000 - 0x00007ffcf3b29000 	C:\WINDOWS\System32\msvcrt.dll
0x00007ffcf3cd0000 - 0x00007ffcf3cfb000 	C:\WINDOWS\System32\GDI32.dll
0x00007ffcf32b0000 - 0x00007ffcf33d9000 	C:\WINDOWS\System32\gdi32full.dll
0x00007ffcf2d60000 - 0x00007ffcf2e03000 	C:\WINDOWS\System32\msvcp_win.dll
0x00007ffcf4220000 - 0x00007ffcf4251000 	C:\WINDOWS\System32\IMM32.DLL
0x00007ffcd4c20000 - 0x00007ffcd4c2c000 	C:\Program Files\Android\Android Studio\jbr\bin\vcruntime140_1.dll
0x00007ffcadf60000 - 0x00007ffcadfed000 	C:\Program Files\Android\Android Studio\jbr\bin\msvcp140.dll
0x00007ffc21060000 - 0x00007ffc21cf6000 	C:\Program Files\Android\Android Studio\jbr\bin\server\jvm.dll
0x00007ffcf3880000 - 0x00007ffcf393c000 	C:\WINDOWS\System32\ADVAPI32.dll
0x00007ffcf5820000 - 0x00007ffcf58c9000 	C:\WINDOWS\System32\sechost.dll
0x00007ffcf55e0000 - 0x00007ffcf56f8000 	C:\WINDOWS\System32\RPCRT4.dll
0x00007ffcf3d00000 - 0x00007ffcf3d80000 	C:\WINDOWS\System32\WS2_32.dll
0x00007ffcde5b0000 - 0x00007ffcde5e6000 	C:\WINDOWS\SYSTEM32\WINMM.dll
0x00007ffcf1890000 - 0x00007ffcf18ee000 	C:\WINDOWS\SYSTEM32\POWRPROF.dll
0x00007ffce6e80000 - 0x00007ffce6e8b000 	C:\WINDOWS\SYSTEM32\VERSION.dll
0x00007ffcf1870000 - 0x00007ffcf1885000 	C:\WINDOWS\SYSTEM32\UMPDC.dll
0x00007ffcf1b50000 - 0x00007ffcf1b6b000 	C:\WINDOWS\SYSTEM32\kernel.appcore.dll
0x00007ffcb4d90000 - 0x00007ffcb4d9a000 	C:\Program Files\Android\Android Studio\jbr\bin\jimage.dll
0x00007ffcf0320000 - 0x00007ffcf056c000 	C:\WINDOWS\SYSTEM32\DBGHELP.DLL
0x00007ffcf4260000 - 0x00007ffcf45e5000 	C:\WINDOWS\System32\combase.dll
0x00007ffcf48f0000 - 0x00007ffcf49c9000 	C:\WINDOWS\System32\OLEAUT32.dll
0x00007ffcbed50000 - 0x00007ffcbed8b000 	C:\WINDOWS\SYSTEM32\dbgcore.DLL
0x00007ffcf2e10000 - 0x00007ffcf2ebc000 	C:\WINDOWS\System32\bcryptPrimitives.dll
0x00007ffce8710000 - 0x00007ffce871e000 	C:\Program Files\Android\Android Studio\jbr\bin\instrument.dll
0x00007ffcb4d70000 - 0x00007ffcb4d90000 	C:\Program Files\Android\Android Studio\jbr\bin\java.dll
0x00007ffcb3dd0000 - 0x00007ffcb3de8000 	C:\Program Files\Android\Android Studio\jbr\bin\zip.dll
0x00007ffcf4c40000 - 0x00007ffcf53d8000 	C:\WINDOWS\System32\SHELL32.dll
0x00007ffcf0650000 - 0x00007ffcf0efe000 	C:\WINDOWS\SYSTEM32\windows.storage.dll
0x00007ffcf3b30000 - 0x00007ffcf3c2b000 	C:\WINDOWS\System32\SHCORE.dll
0x00007ffcf3c60000 - 0x00007ffcf3cc6000 	C:\WINDOWS\System32\shlwapi.dll
0x00007ffcf2c80000 - 0x00007ffcf2ca9000 	C:\WINDOWS\SYSTEM32\profapi.dll
0x00007ffcb3dc0000 - 0x00007ffcb3dd0000 	C:\Program Files\Android\Android Studio\jbr\bin\net.dll
0x00007ffce7b70000 - 0x00007ffce7c9a000 	C:\WINDOWS\SYSTEM32\WINHTTP.dll
0x00007ffcf2110000 - 0x00007ffcf217c000 	C:\WINDOWS\system32\mswsock.dll
0x00007ffca6c00000 - 0x00007ffca6c16000 	C:\Program Files\Android\Android Studio\jbr\bin\nio.dll
0x00007ffca4550000 - 0x00007ffca4560000 	C:\Program Files\Android\Android Studio\jbr\bin\verify.dll
0x00007ffce1120000 - 0x00007ffce1147000 	C:\Users\David Tembhare\.gradle\native\660c5614fbf4a5f2a75b1949f50a0caf5cd603558e7d8a26e50b933a0cfb79d1\windows-amd64\native-platform.dll
0x00007ffcae3d0000 - 0x00007ffcae447000 	C:\Users\David Tembhare\.gradle\native\0.2.8\x86_64-windows-gnu\gradle-fileevents.dll
0x00007ffc9d970000 - 0x00007ffc9d979000 	C:\Program Files\Android\Android Studio\jbr\bin\management.dll
0x00007ffc9c820000 - 0x00007ffc9c82b000 	C:\Program Files\Android\Android Studio\jbr\bin\management_ext.dll
0x00007ffcf5700000 - 0x00007ffcf5708000 	C:\WINDOWS\System32\PSAPI.DLL
0x00007ffcf14c0000 - 0x00007ffcf14f3000 	C:\WINDOWS\SYSTEM32\IPHLPAPI.DLL
0x00007ffcf5710000 - 0x00007ffcf571a000 	C:\WINDOWS\System32\NSI.dll
0x00007ffca4510000 - 0x00007ffca4519000 	C:\Program Files\Android\Android Studio\jbr\bin\extnet.dll
0x00007ffcf2420000 - 0x00007ffcf243b000 	C:\WINDOWS\SYSTEM32\CRYPTSP.dll
0x00007ffcf1ab0000 - 0x00007ffcf1ae9000 	C:\WINDOWS\system32\rsaenh.dll
0x00007ffcf21c0000 - 0x00007ffcf21f4000 	C:\WINDOWS\SYSTEM32\USERENV.dll
0x00007ffcf2c50000 - 0x00007ffcf2c7a000 	C:\WINDOWS\SYSTEM32\bcrypt.dll
0x00007ffcf2400000 - 0x00007ffcf240c000 	C:\WINDOWS\SYSTEM32\CRYPTBASE.dll
0x00007ffcb4c60000 - 0x00007ffcb4c68000 	C:\WINDOWS\system32\wshunix.dll
0x00007ffca4670000 - 0x00007ffca4808000 	C:\Program Files\Android\Android Studio\jbr\bin\awt.dll
0x00007ffced470000 - 0x00007ffced49f000 	C:\WINDOWS\SYSTEM32\dwmapi.dll
0x00007ffcb9c50000 - 0x00007ffcb9cc5000 	C:\WINDOWS\SYSTEM32\OLEACC.dll
0x00007ffca4590000 - 0x00007ffca45d4000 	C:\Program Files\Android\Android Studio\jbr\bin\nvdaControllerClient64.dll
0x00007ffceb830000 - 0x00007ffceb8cf000 	C:\WINDOWS\SYSTEM32\apphelp.dll
0x00007ffcecfb0000 - 0x00007ffced058000 	C:\WINDOWS\system32\uxtheme.dll
0x00007ffcf58d0000 - 0x00007ffcf5a2b000 	C:\WINDOWS\System32\MSCTF.dll
0x00007ffcf45f0000 - 0x00007ffcf478a000 	C:\WINDOWS\System32\ole32.dll
0x00007ffcf1c80000 - 0x00007ffcf1cb6000 	C:\WINDOWS\SYSTEM32\ntmarta.dll

JVMTI agents:
C:\Users\David Tembhare\.gradle\wrapper\dists\gradle-9.3.1-bin\23ovyewtku6u96viwx3xl3oks\gradle-9.3.1\lib\agents\gradle-instrumentation-agent-9.3.1.jar path:C:\Program Files\Android\Android Studio\jbr\bin\instrument.dll, loaded, initialized, instrumentlib options:none

dbghelp: loaded successfully - version: 4.0.5 - missing functions: none
symbol engine: initialized successfully - sym options: 0x614 - pdb path: .;C:\Program Files\Android\Android Studio\jbr\bin;C:\WINDOWS\SYSTEM32;C:\WINDOWS\WinSxS\amd64_microsoft.windows.common-controls_6595b64144ccf1df_6.0.26100.9278_none_3e0d1ba8e3303201;C:\Program Files\Android\Android Studio\jbr\bin\server;C:\Users\David Tembhare\.gradle\native\660c5614fbf4a5f2a75b1949f50a0caf5cd603558e7d8a26e50b933a0cfb79d1\windows-amd64;C:\Users\David Tembhare\.gradle\native\0.2.8\x86_64-windows-gnu;C:\Users\David Tembhare\AppData\Local\Temp

VM Arguments:
jvm_args: --add-opens=java.base/java.lang=ALL-UNNAMED --add-opens=java.base/java.lang.invoke=ALL-UNNAMED --add-opens=java.base/java.util=ALL-UNNAMED --add-opens=java.prefs/java.util.prefs=ALL-UNNAMED --add-exports=jdk.compiler/com.sun.tools.javac.api=ALL-UNNAMED --add-exports=jdk.compiler/com.sun.tools.javac.util=ALL-UNNAMED --add-opens=java.base/java.util=ALL-UNNAMED --add-opens=java.prefs/java.util.prefs=ALL-UNNAMED --add-opens=java.base/java.nio.charset=ALL-UNNAMED --add-opens=java.base/java.net=ALL-UNNAMED --add-opens=java.base/java.util.concurrent=ALL-UNNAMED --add-opens=java.base/java.util.concurrent.atomic=ALL-UNNAMED --add-opens=java.xml/javax.xml.namespace=ALL-UNNAMED --add-opens=java.base/java.time=ALL-UNNAMED -Xmx4g -Dfile.encoding=UTF-8 -Duser.country=US -Duser.language=en -Duser.variant -javaagent:C:\Users\David Tembhare\.gradle\wrapper\dists\gradle-9.3.1-bin\23ovyewtku6u96viwx3xl3oks\gradle-9.3.1\lib\agents\gradle-instrumentation-agent-9.3.1.jar 
java_command: org.gradle.launcher.daemon.bootstrap.GradleDaemon 9.3.1
java_class_path (initial): C:\Users\David Tembhare\.gradle\wrapper\dists\gradle-9.3.1-bin\23ovyewtku6u96viwx3xl3oks\gradle-9.3.1\lib\gradle-daemon-main-9.3.1.jar
Launcher Type: SUN_STANDARD

[Global flags]
     intx CICompilerCount                          = 12                                        {product} {ergonomic}
     uint ConcGCThreads                            = 3                                         {product} {ergonomic}
     uint G1ConcRefinementThreads                  = 13                                        {product} {ergonomic}
   size_t G1HeapRegionSize                         = 2097152                                   {product} {ergonomic}
    uintx GCDrainStackTargetSize                   = 64                                        {product} {ergonomic}
   size_t InitialHeapSize                          = 264241152                                 {product} {ergonomic}
   size_t MarkStackSize                            = 4194304                                   {product} {ergonomic}
   size_t MaxHeapSize                              = 4294967296                                {product} {command line}
   size_t MaxNewSize                               = 2575302656                                {product} {ergonomic}
   size_t MinHeapDeltaBytes                        = 2097152                                   {product} {ergonomic}
   size_t MinHeapSize                              = 8388608                                   {product} {ergonomic}
    uintx NonNMethodCodeHeapSize                   = 7602480                                {pd product} {ergonomic}
    uintx NonProfiledCodeHeapSize                  = 122027880                              {pd product} {ergonomic}
    uintx ProfiledCodeHeapSize                     = 122027880                              {pd product} {ergonomic}
    uintx ReservedCodeCacheSize                    = 251658240                              {pd product} {ergonomic}
     bool SegmentedCodeCache                       = true                                      {product} {ergonomic}
   size_t SoftMaxHeapSize                          = 4294967296                             {manageable} {ergonomic}
     bool UseCompressedOops                        = true                           {product lp64_product} {ergonomic}
     bool UseG1GC                                  = true                                      {product} {ergonomic}
     bool UseLargePagesIndividualAllocation        = false                                  {pd product} {ergonomic}

Logging:
Log output configuration:
 #0: stdout all=warning uptime,level,tags foldmultilines=false
 #1: stderr all=off uptime,level,tags foldmultilines=false

Release file:
JAVA_VERSION="21.0.9" 
MODULES="java.base java.compiler java.datatransfer java.xml java.prefs java.desktop java.instrument java.logging java.management java.security.sasl java.naming java.rmi java.management.rmi java.net.http java.scripting java.security.jgss java.transaction.xa java.sql java.sql.rowset java.xml.crypto java.se java.smartcardio jdk.accessibility jdk.internal.jvmstat jdk.attach jdk.charsets jdk.internal.opt jdk.zipfs jdk.compiler jdk.crypto.ec jdk.crypto.cryptoki jdk.dynalink jdk.hotspot.agent jdk.httpserver jdk.internal.ed jdk.internal.le jdk.internal.vm.ci jdk.jartool jdk.javadoc jdk.jcmd jdk.jdeps jdk.jdwp.agent jdk.jdi jdk.jfr jdk.jlink jdk.jsobject jdk.localedata jdk.management jdk.management.agent jdk.management.jfr jdk.naming.dns jdk.naming.rmi jdk.net jdk.sctp jdk.security.auth jdk.security.jgss jdk.unsupported jdk.unsupported.desktop jdk.xml.dom" 
IMPLEMENTOR="JetBrains s.r.o." 
JAVA_RUNTIME_VERSION="21.0.9+-14787801-b1163.94" 
LIBC="default" 
OS_ARCH="x86_64" 
OS_NAME="Windows" 
SOURCE=".:git:0c757ddc9f2f" 

Environment Variables:
PATH=C:\Program Files\Common Files\Oracle\Java\javapath;C:\Program Files (x86)\Common Files\Oracle\Java\java8path;C:\Program Files (x86)\Common Files\Oracle\Java\javapath;C:\Windows\system32;C:\Windows;C:\Windows\System32\Wbem;C:\Windows\System32\WindowsPowerShell\v1.0\;C:\Windows\System32\OpenSSH\;C:\Program Files\Git\cmd;C:\Program Files (x86)\NVIDIA Corporation\PhysX\Common;C:\MinGW\bin;C:\WINDOWS\system32;C:\WINDOWS;C:\WINDOWS\System32\Wbem;C:\WINDOWS\System32\WindowsPowerShell\v1.0\;C:\WINDOWS\System32\OpenSSH\;C:\Program Files\NVIDIA Corporation\NVIDIA App\NvDLISR;C:\Program Files\nodejs\;C:\Program Files\dotnet\;C:\Program Files\MySQL\MySQL Server 8.0\bin;C:\Users\David Tembhare\flutter\bin;C:\Users\David Tembhare\cmdline-tools\bin;C:\Users\David Tembhare\.local\bin;C:\Program Files\Microsoft SQL Server\170\Tools\Binn\;C:\Program Files\Microsoft SQL Server\Client SDK\ODBC\170\Tools\Binn\;C:\Program Files (x86)\Windows Kits\10\Windows Performance Toolkit\;C:\Program Files\PostgreSQL\18\bin;;C:\Program Files\Docker\Docker\resources\bin;C:\Program Files (x86)\pcsuite\;C:\Program Files\k6\;C:\Users\David Tembhare\AppData\Local\pnpm\bin;C:\Users\David Tembhare\AppData\Local\Programs\Python\Python311\Scripts\;C:\Users\David Tembhare\AppData\Local\Programs\Python\Python311\;C:\Users\David Tembhare\.cargo\bin;C:\Program Files\MySQL\MySQL Shell 8.0\bin\;C:\Users\David Tembhare\AppData\Local\Programs\Python\Python313\Scripts\;C:\Users\David Tembhare\AppData\Local\Programs\Python\Python313\;C:\Users\David Tembhare\AppData\Local\Microsoft\WindowsApps;C:\MinGW\bin;C:\Users\David Tembhare\AppData\Local\Programs\Microsoft VS Code\bin;C:\Program Files\JetBrains\IntelliJ IDEA Community Edition 2024.3.5\bin;;C:\Program Files\JetBrains\IntelliJ IDEA 2024.3.5\bin;;C:\Users\David Tembhare\AppData\Roaming\npm;C:\Users\David Tembhare\.dotnet\tools;C:\Users\David Tembhare\AppData\Local\PowerToys\DSCModules\;C:\Program Files\MySQL\MySQL Server 8.0\bin;C:\Users\David Tembhare\AppData\Local\Programs\Antigravity\bin;C:\Users\David Tembhare\AppData\Local\Programs\Ollama;C:\Users\David Tembhare\AppData\Local\Programs\Antigravity IDE\bin
USERNAME=David Tembhare
OS=Windows_NT
PROCESSOR_IDENTIFIER=Intel64 Family 6 Model 186 Stepping 2, GenuineIntel
TMP=C:\Users\DAVIDT~1\AppData\Local\Temp
TEMP=C:\Users\DAVIDT~1\AppData\Local\Temp




Periodic native trim disabled

JNI global refs:
JNI global refs: 64, weak refs: 6

JNI global refs memory usage: 1467, weak refs: 833

Process memory usage:
Resident Set Size: 1334544K (8% of 16473976K total physical memory with 477684K free physical memory)

OOME stack traces (most recent first):
Classloader memory used:
Loader java.net.URLClassLoader                                                         : 145M
Loader org.gradle.internal.classloader.VisitableURLClassLoader                         : 49347K
Loader bootstrap                                                                       : 34363K
Loader org.gradle.internal.classloader.VisitableURLClassLoader$InstrumentingVisitableURLClassLoader: 32406K
Loader org.gradle.initialization.MixInLegacyTypesClassLoader                           : 16484K
Loader jdk.internal.reflect.DelegatingClassLoader                                      : 1384K
Loader jdk.internal.jrtfs.JrtFileSystemProvider$JrtFsLoader                            : 668K
Loader jdk.internal.loader.ClassLoaders$PlatformClassLoader                            : 448K
Loader org.gradle.internal.classloader.VisitableURLClassLoader                         : 392K
Loader jdk.internal.loader.ClassLoaders$AppClassLoader                                 : 231K
Loader org.gradle.groovy.scripts.internal.DefaultScriptCompilationHandler$ScriptClassLoader: 128K
Loader sun.reflect.misc.MethodUtil                                                     : 2984B

Classes loaded by more than one classloader:
Class Program                                                                         : loaded 5 times (x 72B)
Class kotlin.ranges.IntProgression                                                    : loaded 3 times (x 81B)
Class kotlin.io.FileWalkDirection                                                     : loaded 3 times (x 79B)
Class kotlin.sequences.FlatteningSequence                                             : loaded 3 times (x 75B)
Class kotlin.coroutines.jvm.internal.CompletedContinuation                            : loaded 3 times (x 75B)
Class jdk.internal.jimage.decompressor.ResourceDecompressor$StringsProvider           : loaded 3 times (x 70B)
Class kotlin.io.TextStreamsKt                                                         : loaded 3 times (x 71B)
Class kotlin.text.StringsKt__StringsKt                                                : loaded 3 times (x 71B)
Class kotlin.NotImplementedError                                                      : loaded 3 times (x 82B)
Class kotlin.coroutines.CoroutineContext                                              : loaded 3 times (x 70B)
Class kotlin.coroutines.jvm.internal.DebugProbesKt                                    : loaded 3 times (x 71B)
Class kotlin.time.DurationUnitKt                                                      : loaded 3 times (x 71B)
Class kotlin.ranges.IntProgressionIterator                                            : loaded 3 times (x 82B)
Class jdk.internal.jimage.BasicImageReader                                            : loaded 3 times (x 95B)
Class kotlin.collections.CollectionsKt                                                : loaded 3 times (x 71B)
Class kotlin.reflect.KMutableProperty2                                                : loaded 3 times (x 70B)
Class kotlin.io.NoSuchFileException                                                   : loaded 3 times (x 82B)
Class kotlin.reflect.KMutableProperty1                                                : loaded 3 times (x 70B)
Class kotlin.sequences.FilteringSequence$iterator$1                                   : loaded 3 times (x 79B)
Class kotlin.sequences.SequencesKt__SequenceBuilderKt                                 : loaded 3 times (x 71B)
Class kotlin.io.FilesKt__FileTreeWalkKt                                               : loaded 3 times (x 71B)
Class kotlin.coroutines.jvm.internal.CoroutineStackFrame                              : loaded 3 times (x 70B)
Class kotlin.jvm.internal.CollectionToArray                                           : loaded 3 times (x 71B)
Class kotlin.coroutines.intrinsics.IntrinsicsKt__IntrinsicsJvmKt                      : loaded 3 times (x 71B)
Class kotlin.collections.CollectionsKt__ReversedViewsKt                               : loaded 3 times (x 71B)
Class kotlin.jvm.internal.Ref$BooleanRef                                              : loaded 3 times (x 71B)
Class kotlin.jvm.internal.StringCompanionObject                                       : loaded 3 times (x 71B)
Class kotlin.reflect.KClassifier                                                      : loaded 3 times (x 70B)
Class kotlin.reflect.KMutableProperty0                                                : loaded 3 times (x 70B)
Class kotlin.SafePublicationLazyImpl$Companion                                        : loaded 3 times (x 71B)
Class kotlin.jvm.internal.PropertyReference1Impl                                      : loaded 3 times (x 127B)
Class kotlin.jvm.internal.MutablePropertyReference1                                   : loaded 3 times (x 137B)
Class kotlin.coroutines.jvm.internal.SuspendFunction                                  : loaded 3 times (x 70B)
Class kotlin.io.FileTreeWalk                                                          : loaded 3 times (x 75B)
Class [Lkotlin.io.FileWalkDirection;                                                  : loaded 3 times (x 69B)
Class Build_gradle                                                                    : loaded 3 times (x 126B)
Class kotlin.jvm.internal.markers.KMappedMarker                                       : loaded 3 times (x 70B)
Class kotlin.ranges.IntProgression$Companion                                          : loaded 3 times (x 71B)
Class [Lkotlin.reflect.KProperty;                                                     : loaded 3 times (x 69B)
Class kotlin.time.Duration                                                            : loaded 3 times (x 74B)
Class kotlin.sequences.ConstrainedOnceSequence                                        : loaded 3 times (x 75B)
Class kotlin.collections.builders.MapBuilder                                          : loaded 3 times (x 112B)
Class kotlin.NoWhenBranchMatchedException                                             : loaded 3 times (x 82B)
Class kotlin.Lazy                                                                     : loaded 3 times (x 70B)
Class kotlin.jvm.functions.Function19                                                 : loaded 3 times (x 70B)
Class jdk.internal.jimage.decompressor.StringSharingDecompressorFactory               : loaded 3 times (x 74B)
Class kotlin.reflect.KMutableProperty$Setter                                          : loaded 3 times (x 70B)
Class kotlin.jvm.internal.CallableReference$NoReceiver                                : loaded 3 times (x 71B)
Class kotlin.text.StringsKt__StringBuilderKt                                          : loaded 3 times (x 71B)
Class kotlin.sequences.TransformingSequence                                           : loaded 3 times (x 75B)
Class kotlin.jvm.functions.Function18                                                 : loaded 3 times (x 70B)
Class kotlin.collections.ArraysKt__ArraysJVMKt                                        : loaded 3 times (x 71B)
Class kotlin.jvm.functions.Function17                                                 : loaded 3 times (x 70B)
Class kotlin.InitializedLazyImpl                                                      : loaded 3 times (x 76B)
Class kotlin.LazyKt                                                                   : loaded 3 times (x 71B)
Class kotlin.collections.SetsKt__SetsKt                                               : loaded 3 times (x 71B)
Class kotlin.jvm.functions.Function16                                                 : loaded 3 times (x 70B)
Class kotlin.coroutines.EmptyCoroutineContext                                         : loaded 3 times (x 77B)
Class kotlin.io.LinesSequence                                                         : loaded 3 times (x 75B)
Class kotlin.collections.ArraysKt                                                     : loaded 3 times (x 71B)
Class [Lkotlin.reflect.KClass;                                                        : loaded 3 times (x 69B)
Class kotlin.jvm.functions.Function15                                                 : loaded 3 times (x 70B)
Class kotlin.text.CharsKt__CharKt                                                     : loaded 3 times (x 71B)
Class kotlin.collections.ArrayDeque$Companion                                         : loaded 3 times (x 71B)
Class kotlin.coroutines.jvm.internal.Boxing                                           : loaded 3 times (x 71B)
Class kotlin.ranges.RangesKt___RangesKt                                               : loaded 3 times (x 71B)
Class kotlin.jvm.functions.Function14                                                 : loaded 3 times (x 70B)
Class kotlin.KotlinNullPointerException                                               : loaded 3 times (x 83B)
Class kotlin.jvm.functions.Function13                                                 : loaded 3 times (x 70B)
Class kotlin.text.Charsets                                                            : loaded 3 times (x 71B)
Class kotlin.ranges.OpenEndRange                                                      : loaded 3 times (x 70B)
Class kotlin.sequences.SequencesKt___SequencesKt                                      : loaded 3 times (x 71B)
Class kotlin.KotlinVersion$Companion                                                  : loaded 3 times (x 71B)
Class kotlin.collections.AbstractList$Companion                                       : loaded 3 times (x 71B)
Class kotlin.sequences.SequenceBuilderIterator                                        : loaded 3 times (x 85B)
Class jdk.internal.jimage.decompressor.CompressedResourceHeader                       : loaded 3 times (x 71B)
Class kotlin.collections.CollectionsKt__IterablesKt                                   : loaded 3 times (x 71B)
Class kotlin.collections.MapsKt                                                       : loaded 3 times (x 71B)
Class kotlin.jvm.functions.Function12                                                 : loaded 3 times (x 70B)
Class kotlin.io.FileTreeWalk$FileTreeWalkIterator                                     : loaded 3 times (x 83B)
Class kotlin.sequences.SequencesKt___SequencesKt$flatMap$2                            : loaded 3 times (x 125B)
Class kotlin.coroutines.intrinsics.CoroutineSingletons                                : loaded 3 times (x 79B)
Class jdk.internal.jrtfs.JrtFileSystem                                                : loaded 3 times (x 102B)
Class kotlin.jvm.internal.Intrinsics                                                  : loaded 3 times (x 71B)
Class kotlin.reflect.KAnnotatedElement                                                : loaded 3 times (x 70B)
Class kotlin.coroutines.ContinuationInterceptor                                       : loaded 3 times (x 70B)
Class kotlin.text.StringsKt__AppendableKt                                             : loaded 3 times (x 71B)
Class kotlin.collections.EmptyMap                                                     : loaded 3 times (x 108B)
Class kotlin.jvm.internal.markers.KMutableCollection                                  : loaded 3 times (x 70B)
Class kotlin.jvm.functions.Function11                                                 : loaded 3 times (x 70B)
Class kotlin.ranges.IntRange$Companion                                                : loaded 3 times (x 71B)
Class kotlin.coroutines.intrinsics.IntrinsicsKt                                       : loaded 3 times (x 71B)
Class kotlin.jvm.internal.AdaptedFunctionReference                                    : loaded 3 times (x 77B)
Class [Lkotlin.reflect.KClassifier;                                                   : loaded 3 times (x 69B)
Class kotlin.reflect.KProperty$Accessor                                               : loaded 3 times (x 70B)
Class [Lkotlin.reflect.KCallable;                                                     : loaded 3 times (x 69B)
Class kotlin.jvm.internal.ArrayIteratorKt                                             : loaded 3 times (x 71B)
Class [Lkotlin.LazyThreadSafetyMode;                                                  : loaded 3 times (x 69B)
Class kotlin.jvm.functions.Function9                                                  : loaded 3 times (x 70B)
Class kotlin.jvm.functions.Function10                                                 : loaded 3 times (x 70B)
Class kotlin.annotation.MustBeDocumented                                              : loaded 3 times (x 70B)
Class kotlin.enums.EnumEntriesKt                                                      : loaded 3 times (x 71B)
Class kotlin.sequences.SequenceScope                                                  : loaded 3 times (x 73B)
Class kotlin.text.StringsKt___StringsKt                                               : loaded 3 times (x 71B)
Class kotlin.collections.CollectionsKt__MutableCollectionsJVMKt                       : loaded 3 times (x 71B)
Class kotlin.collections.builders.MapBuilder$Companion                                : loaded 3 times (x 71B)
Class kotlin.sequences.Sequence                                                       : loaded 3 times (x 70B)
Class kotlin.jvm.functions.Function8                                                  : loaded 3 times (x 70B)
Class kotlin.collections.builders.MapBuilder$EntryRef                                 : loaded 3 times (x 81B)
Class kotlin.text.StringsKt__StringNumberConversionsJVMKt                             : loaded 3 times (x 71B)
Class [Lkotlin.annotation.AnnotationRetention;                                        : loaded 3 times (x 69B)
Class kotlin.collections.MapsKt__MapWithDefaultKt                                     : loaded 3 times (x 71B)
Class kotlin.jvm.functions.Function7                                                  : loaded 3 times (x 70B)
Class [Lkotlin.time.DurationUnit;                                                     : loaded 3 times (x 69B)
Class kotlin.collections.ArraysKt___ArraysKt                                          : loaded 3 times (x 71B)
Class kotlin.collections.MapsKt___MapsKt                                              : loaded 3 times (x 71B)
Class kotlin.collections.CollectionsKt___CollectionsKt$asSequence$$inlined$Sequence$1 : loaded 3 times (x 75B)
Class kotlin.jvm.functions.Function6                                                  : loaded 3 times (x 70B)
Class kotlin.io.FilesKt                                                               : loaded 3 times (x 71B)
Class kotlin.reflect.KDeclarationContainer                                            : loaded 3 times (x 70B)
Class kotlin.jvm.functions.Function20                                                 : loaded 3 times (x 70B)
Class kotlin.text.StringsKt___StringsJvmKt                                            : loaded 3 times (x 71B)
Class kotlin.jvm.functions.Function5                                                  : loaded 3 times (x 70B)
Class kotlin.annotation.Retention                                                     : loaded 3 times (x 70B)
Class jdk.internal.jimage.ImageStrings                                                : loaded 3 times (x 70B)
Class kotlin.collections.CollectionsKt___CollectionsKt                                : loaded 3 times (x 71B)
Class kotlin.collections.EmptySet                                                     : loaded 3 times (x 122B)
Class kotlin.annotation.Target                                                        : loaded 3 times (x 70B)
Class kotlin.jvm.functions.Function4                                                  : loaded 3 times (x 70B)
Class kotlin.collections.MapsKt___MapsJvmKt                                           : loaded 3 times (x 71B)
Class kotlin.jvm.functions.Function21                                                 : loaded 3 times (x 70B)
Class kotlin.jvm.functions.Function3                                                  : loaded 3 times (x 70B)
Class kotlin.io.FileTreeWalk$WalkState                                                : loaded 3 times (x 73B)
Class kotlin.jvm.internal.markers.KMutableIterator                                    : loaded 3 times (x 70B)
Class kotlin.jvm.functions.Function2                                                  : loaded 3 times (x 70B)
Class kotlin.KotlinNothingValueException                                              : loaded 3 times (x 82B)
Class kotlin.jvm.functions.Function1                                                  : loaded 3 times (x 70B)
Class kotlin.collections.AbstractMutableList                                          : loaded 3 times (x 206B)
Class kotlin.annotation.AnnotationRetention                                           : loaded 3 times (x 79B)
Class kotlin.collections.MapWithDefault                                               : loaded 3 times (x 70B)
Class kotlin.properties.ReadWriteProperty                                             : loaded 3 times (x 70B)
Class kotlin.coroutines.jvm.internal.SuspendLambda                                    : loaded 3 times (x 91B)
Class kotlin.coroutines.jvm.internal.ContinuationImpl                                 : loaded 3 times (x 87B)
Class kotlin.jvm.functions.Function22                                                 : loaded 3 times (x 70B)
Class kotlin.collections.builders.MapBuilderEntries                                   : loaded 3 times (x 145B)
Class jdk.internal.jimage.decompressor.ZipDecompressor                                : loaded 3 times (x 75B)
Class kotlin.jvm.functions.Function0                                                  : loaded 3 times (x 70B)
Class kotlin.collections.ArraysUtilJVM                                                : loaded 3 times (x 71B)
Class kotlin.sequences.FlatteningSequence$iterator$1                                  : loaded 3 times (x 79B)
Class kotlin.sequences.GeneratorSequence                                              : loaded 3 times (x 75B)
Class [Lkotlin.DeprecationLevel;                                                      : loaded 3 times (x 69B)
Class kotlin.ranges.RangesKt                                                          : loaded 3 times (x 71B)
Class kotlin.jvm.internal.markers.KMutableIterable                                    : loaded 3 times (x 70B)
Class kotlin.reflect.KTypeParameter                                                   : loaded 3 times (x 70B)
Class kotlin.collections.ArraysKt___ArraysJvmKt                                       : loaded 3 times (x 71B)
Class kotlin.collections.CollectionsKt__CollectionsKt                                 : loaded 3 times (x 71B)
Class kotlin.text.StringsKt__RegexExtensionsJVMKt                                     : loaded 3 times (x 71B)
Class kotlin.TuplesKt                                                                 : loaded 3 times (x 71B)
Class kotlin.Unit                                                                     : loaded 3 times (x 71B)
Class kotlin.sequences.SequencesKt___SequencesJvmKt                                   : loaded 3 times (x 71B)
Class kotlin.time.DurationKt                                                          : loaded 3 times (x 71B)
Class kotlin.jvm.internal.FunctionReferenceImpl                                       : loaded 3 times (x 122B)
Class kotlin.collections.CollectionsKt___CollectionsJvmKt                             : loaded 3 times (x 71B)
Class kotlin.text.Regex$Companion                                                     : loaded 3 times (x 71B)
Class kotlin._Assertions                                                              : loaded 3 times (x 71B)
Class kotlin.text.DelimitedRangesSequence                                             : loaded 3 times (x 75B)
Class kotlin.reflect.KType                                                            : loaded 3 times (x 70B)
Class kotlin.text.CharsKt__CharJVMKt                                                  : loaded 3 times (x 71B)
Class kotlin.Result$Companion                                                         : loaded 3 times (x 71B)
Class kotlin.sequences.FilteringSequence                                              : loaded 3 times (x 75B)
Class kotlin.coroutines.jvm.internal.BaseContinuationImpl                             : loaded 3 times (x 87B)
Class [Lkotlin.annotation.AnnotationTarget;                                           : loaded 3 times (x 69B)
Class [Lkotlin.coroutines.intrinsics.CoroutineSingletons;                             : loaded 3 times (x 69B)
Class kotlin.comparisons.ComparisonsKt___ComparisonsKt                                : loaded 3 times (x 71B)
Class kotlin.jvm.internal.FunctionReference                                           : loaded 3 times (x 122B)
Class kotlin.jvm.internal.FunctionBase                                                : loaded 3 times (x 70B)
Class kotlin.enums.EnumEntriesList                                                    : loaded 3 times (x 223B)
Class kotlin.comparisons.ComparisonsKt                                                : loaded 3 times (x 71B)
Class jdk.internal.jimage.decompressor.ZipDecompressorFactory                         : loaded 3 times (x 74B)
Class kotlin.ranges.RangesKt__RangesKt                                                : loaded 3 times (x 71B)
Class kotlin.jvm.internal.ClassBasedDeclarationContainer                              : loaded 3 times (x 70B)
Class kotlin.collections.SetsKt___SetsKt                                              : loaded 3 times (x 71B)
Class kotlin.sequences.SequencesKt__SequencesKt                                       : loaded 3 times (x 71B)
Class kotlin.comparisons.ComparisonsKt___ComparisonsJvmKt                             : loaded 3 times (x 71B)
Class kotlin.coroutines.Continuation                                                  : loaded 3 times (x 70B)
Class kotlin.comparisons.ComparisonsKt__ComparisonsKt                                 : loaded 3 times (x 71B)
Class kotlin.UNINITIALIZED_VALUE                                                      : loaded 3 times (x 71B)
Class kotlin.jvm.internal.ReflectionFactory                                           : loaded 3 times (x 91B)
Class kotlin.collections.builders.AbstractMapBuilderEntrySet                          : loaded 3 times (x 144B)
Class kotlin.collections.CollectionsKt__IteratorsJVMKt                                : loaded 3 times (x 71B)
Class kotlin.jvm.internal.Ref$ObjectRef                                               : loaded 3 times (x 72B)
Class kotlin.LazyKt__LazyKt                                                           : loaded 3 times (x 71B)
Class kotlin.text.StringsKt__StringBuilderJVMKt                                       : loaded 3 times (x 71B)
Class kotlin.text.Regex                                                               : loaded 3 times (x 72B)
Class kotlin.collections.ArrayAsCollection                                            : loaded 3 times (x 105B)
Class kotlin.Triple                                                                   : loaded 3 times (x 72B)
Class kotlin.collections.MutableMapWithDefaultImpl                                    : loaded 3 times (x 144B)
Class kotlin.sequences.SequencesKt__SequenceBuilderKt$sequence$$inlined$Sequence$1    : loaded 3 times (x 75B)
Class kotlin.Result                                                                   : loaded 3 times (x 72B)
Class kotlin.reflect.KProperty0                                                       : loaded 3 times (x 70B)
Class kotlin.collections.AbstractCollection                                           : loaded 3 times (x 117B)
Class kotlin.collections.AbstractList                                                 : loaded 3 times (x 197B)
Class kotlin.sequences.SequencesKt__SequencesJVMKt                                    : loaded 3 times (x 71B)
Class kotlin.io.FilePathComponents                                                    : loaded 3 times (x 72B)
Class kotlin.coroutines.jvm.internal.RestrictedSuspendLambda                          : loaded 3 times (x 91B)
Class jdk.internal.jimage.ImageReader$Directory                                       : loaded 3 times (x 84B)
Class jdk.internal.jrtfs.JrtFileSystemProvider                                        : loaded 3 times (x 101B)
Class kotlin.sequences.TransformingSequence$iterator$1                                : loaded 3 times (x 79B)
Class kotlin.SynchronizedLazyImpl                                                     : loaded 3 times (x 76B)
Class kotlin.Pair                                                                     : loaded 3 times (x 72B)
Class kotlin.reflect.KProperty1                                                       : loaded 3 times (x 70B)
Class kotlin.reflect.KClass                                                           : loaded 3 times (x 70B)
Class kotlin.text.StringsKt__RegexExtensionsKt                                        : loaded 3 times (x 71B)
Class kotlin.collections.EmptyIterator                                                : loaded 3 times (x 89B)
Class kotlin.jvm.internal.SpreadBuilder                                               : loaded 3 times (x 76B)
Class jdk.internal.jimage.decompressor.ResourceDecompressorRepository                 : loaded 3 times (x 71B)
Class kotlin.jvm.internal.ArrayIterator                                               : loaded 3 times (x 79B)
Class kotlin.LazyThreadSafetyMode                                                     : loaded 3 times (x 79B)
Class kotlin.jvm.internal.MutablePropertyReference                                    : loaded 3 times (x 119B)
Class kotlin.sequences.GeneratorSequence$iterator$1                                   : loaded 3 times (x 79B)
Class kotlin.LazyKt__LazyJVMKt$WhenMappings                                           : loaded 3 times (x 71B)
Class kotlin.io.CloseableKt                                                           : loaded 3 times (x 71B)
Class kotlin.reflect.KProperty2                                                       : loaded 3 times (x 70B)
Class kotlin.collections.CollectionsKt__MutableCollectionsKt                          : loaded 3 times (x 71B)
Class kotlin.UnsafeLazyImpl                                                           : loaded 3 times (x 76B)
Class kotlin.jvm.internal.PropertyReference1                                          : loaded 3 times (x 127B)
Class kotlin.jvm.internal.DefaultConstructorMarker                                    : loaded 3 times (x 71B)
Class kotlin.io.FileSystemException                                                   : loaded 3 times (x 82B)
Class kotlin.sequences.EmptySequence                                                  : loaded 3 times (x 78B)
Class jdk.internal.jrtfs.JrtPath                                                      : loaded 3 times (x 118B)
Class jdk.internal.jimage.ImageBufferCache                                            : loaded 3 times (x 71B)
Class kotlin.enums.EnumEntries                                                        : loaded 3 times (x 70B)
Class kotlin.coroutines.CoroutineContext$Element                                      : loaded 3 times (x 70B)
Class kotlin.io.TerminateException                                                    : loaded 3 times (x 82B)
Class kotlin.io.FilesKt__FilePathComponentsKt                                         : loaded 3 times (x 71B)
Class kotlin.jvm.internal.markers.KMutableMap                                         : loaded 3 times (x 70B)
Class kotlin.reflect.KCallable                                                        : loaded 3 times (x 70B)
Class kotlin.properties.ReadOnlyProperty                                              : loaded 3 times (x 70B)
Class kotlin.ranges.IntRange                                                          : loaded 3 times (x 93B)
Class kotlin.collections.AbstractIterator                                             : loaded 3 times (x 83B)
Class kotlin.text.CharsKt                                                             : loaded 3 times (x 71B)
Class kotlin.io.LinesSequence$iterator$1                                              : loaded 3 times (x 79B)
Class kotlin.jvm.internal.CallableReference                                           : loaded 3 times (x 106B)
Class kotlin.collections.AbstractList$IteratorImpl                                    : loaded 3 times (x 82B)
Class [Lkotlin.sequences.Sequence;                                                    : loaded 3 times (x 69B)
Class jdk.internal.jimage.ImageLocation                                               : loaded 3 times (x 90B)
Class kotlin.jvm.internal.MutablePropertyReference1Impl                               : loaded 3 times (x 137B)
Class kotlin.text.StringsKt__StringNumberConversionsKt                                : loaded 3 times (x 71B)
Class kotlin.collections.MutableMapWithDefault                                        : loaded 3 times (x 70B)
Class [Lkotlin.Pair;                                                                  : loaded 3 times (x 69B)
Class kotlin.coroutines.ContinuationInterceptor$Key                                   : loaded 3 times (x 71B)
Class kotlin.text.DelimitedRangesSequence$iterator$1                                  : loaded 3 times (x 79B)
Class kotlin.jvm.internal.markers.KMutableList                                        : loaded 3 times (x 70B)
Class kotlin.io.FilesKt__FileReadWriteKt                                              : loaded 3 times (x 71B)
Class kotlin.jvm.KotlinReflectionNotSupportedError                                    : loaded 3 times (x 82B)
Class jdk.internal.jimage.decompressor.Decompressor                                   : loaded 3 times (x 72B)
Class kotlin.LazyKt__LazyJVMKt                                                        : loaded 3 times (x 71B)
Class kotlin.coroutines.CoroutineContext$Key                                          : loaded 3 times (x 70B)
Class kotlin.collections.builders.MapBuilder$EntriesItr                               : loaded 3 times (x 81B)
Class kotlin.coroutines.jvm.internal.RestrictedContinuationImpl                       : loaded 3 times (x 87B)
Class jdk.internal.jimage.ImageBufferCache$1                                          : loaded 3 times (x 83B)
Class kotlin.DeprecationLevel                                                         : loaded 3 times (x 79B)
Class kotlin.text.StringsKt                                                           : loaded 3 times (x 71B)
Class kotlin.jvm.internal.markers.KMutableSet                                         : loaded 3 times (x 70B)
Class kotlin.time.DurationUnitKt__DurationUnitJvmKt                                   : loaded 3 times (x 71B)
Class kotlin.collections.ArraysKt___ArraysKt$asSequence$$inlined$Sequence$1           : loaded 3 times (x 75B)
Class kotlin.collections.CollectionsKt__IteratorsKt                                   : loaded 3 times (x 71B)
Class kotlin.collections.builders.MapBuilder$Itr                                      : loaded 3 times (x 72B)
Class kotlin.collections.MapsKt__MapsJVMKt                                            : loaded 3 times (x 71B)
Class kotlin.collections.EmptyList                                                    : loaded 3 times (x 174B)
Class kotlin.KotlinVersionCurrentValue                                                : loaded 3 times (x 71B)
Class kotlin.sequences.SequencesKt                                                    : loaded 3 times (x 71B)
Class kotlin.collections.IndexedValue                                                 : loaded 3 times (x 72B)
Class jdk.internal.jimage.BasicImageReader$1                                          : loaded 3 times (x 77B)
Class kotlin.collections.CollectionsKt__CollectionsJVMKt                              : loaded 3 times (x 71B)
Class jdk.internal.jimage.ImageBufferCache$2                                          : loaded 3 times (x 91B)
Class kotlin.io.FilesKt__UtilsKt                                                      : loaded 3 times (x 71B)
Class jdk.internal.jimage.ImageReader$Node                                            : loaded 3 times (x 84B)
Class kotlin.coroutines.intrinsics.IntrinsicsKt__IntrinsicsKt                         : loaded 3 times (x 71B)
Class kotlin.collections.builders.ListBuilderKt                                       : loaded 3 times (x 71B)
Class kotlin.time.Duration$Companion                                                  : loaded 3 times (x 71B)
Class kotlin.text.RegexKt                                                             : loaded 3 times (x 71B)
Class jdk.internal.jimage.decompressor.ResourceDecompressorFactory                    : loaded 3 times (x 74B)
Class kotlin.SafePublicationLazyImpl                                                  : loaded 3 times (x 76B)
Class kotlin.time.DurationJvmKt                                                       : loaded 3 times (x 71B)
Class jdk.internal.jimage.ImageReader$SharedImageReader                               : loaded 3 times (x 95B)
Class kotlin.ResultKt                                                                 : loaded 3 times (x 71B)
Class kotlin.reflect.KProperty$Getter                                                 : loaded 3 times (x 70B)
Class jdk.internal.jimage.ImageReader                                                 : loaded 3 times (x 75B)
Class kotlin.UninitializedPropertyAccessException                                     : loaded 3 times (x 82B)
Class kotlin.collections.AbstractMutableSet                                           : loaded 3 times (x 142B)
Class kotlin.Metadata                                                                 : loaded 3 times (x 70B)
Class kotlin.collections.IndexingIterable                                             : loaded 3 times (x 79B)
Class kotlin.properties.Delegates                                                     : loaded 3 times (x 71B)
Class kotlin.Result$Failure                                                           : loaded 3 times (x 72B)
Class kotlin.collections.ArraysKt__ArraysKt                                           : loaded 3 times (x 71B)
Class kotlin.jvm.internal.markers.KMutableMap$Entry                                   : loaded 3 times (x 70B)
Class jdk.internal.jimage.ImageStringsReader                                          : loaded 3 times (x 80B)
Class kotlin.collections.MapsKt__MapsKt                                               : loaded 3 times (x 71B)
Class [Lkotlin.reflect.KDeclarationContainer;                                         : loaded 3 times (x 69B)
Class kotlin.jvm.internal.Lambda                                                      : loaded 3 times (x 75B)
Class kotlin.time.DurationUnitKt__DurationUnitKt                                      : loaded 3 times (x 71B)
Class kotlin.reflect.KFunction                                                        : loaded 3 times (x 70B)
Class kotlin.collections.ArrayDeque                                                   : loaded 3 times (x 207B)
Class kotlin.sequences.DropTakeSequence                                               : loaded 3 times (x 70B)
Class kotlin.collections.SetsKt__SetsJVMKt                                            : loaded 3 times (x 71B)
Class kotlin.text.StringsKt__IndentKt                                                 : loaded 3 times (x 71B)
Class kotlin.Function                                                                 : loaded 3 times (x 70B)
Class kotlin.collections.SetsKt                                                       : loaded 3 times (x 71B)
Class kotlin.time.DurationUnit                                                        : loaded 3 times (x 79B)
Class kotlin.text.StringsKt__StringsJVMKt                                             : loaded 3 times (x 71B)
Class kotlin.jvm.internal.TypeIntrinsics                                              : loaded 3 times (x 71B)
Class kotlin.internal.ProgressionUtilKt                                               : loaded 3 times (x 71B)
Class kotlin.io.FileAlreadyExistsException                                            : loaded 3 times (x 82B)
Class kotlin.KotlinVersion                                                            : loaded 3 times (x 74B)
Class kotlin.collections.IntIterator                                                  : loaded 3 times (x 82B)
Class kotlin.reflect.KMutableProperty                                                 : loaded 3 times (x 70B)
Class jdk.internal.jimage.decompressor.ResourceDecompressor                           : loaded 3 times (x 70B)
Class kotlin.jvm.JvmClassMappingKt                                                    : loaded 3 times (x 71B)
Class jdk.internal.jimage.ImageHeader                                                 : loaded 3 times (x 71B)
Class kotlin.jvm.internal.Reflection                                                  : loaded 3 times (x 71B)
Class kotlin.reflect.KProperty                                                        : loaded 3 times (x 70B)
Class kotlin.jvm.internal.PropertyReference                                           : loaded 3 times (x 115B)
Class kotlin.ranges.ClosedRange                                                       : loaded 3 times (x 70B)
Class kotlin.annotation.AnnotationTarget                                              : loaded 3 times (x 79B)
Class [Lkotlin.reflect.KAnnotatedElement;                                             : loaded 3 times (x 69B)
Class kotlin.collections.IndexingIterator                                             : loaded 3 times (x 79B)
Class com.google.common.cache.LocalCache$Strength                                     : loaded 2 times (x 81B)
Class com.google.common.cache.Cache                                                   : loaded 2 times (x 70B)
Class com.google.common.base.Stopwatch                                                : loaded 2 times (x 72B)
Class kotlin.coroutines.CombinedContext                                               : loaded 2 times (x 78B)
Class org.apache.commons.io.filefilter.IOFileFilter                                   : loaded 2 times (x 70B)
Class com.google.common.base.NullnessCasts                                            : loaded 2 times (x 71B)
Class com.google.common.util.concurrent.AbstractFuture$Cancellation                   : loaded 2 times (x 72B)
Class com.google.common.collect.ImmutableMap$Builder                                  : loaded 2 times (x 82B)
Class [Lkotlin.reflect.jvm.internal.impl.builtins.PrimitiveType;                      : loaded 2 times (x 69B)
Class kotlin.reflect.jvm.internal.impl.builtins.StandardNames                         : loaded 2 times (x 71B)
Class kotlin.reflect.jvm.internal.ReflectProperties$LazySoftVal                       : loaded 2 times (x 78B)
Class org.apache.commons.io.Charsets                                                  : loaded 2 times (x 71B)
Class com.google.common.base.Present                                                  : loaded 2 times (x 81B)
Class com.google.common.collect.AbstractMapBasedMultimap$WrappedCollection$WrappedIterator: loaded 2 times (x 84B)
Class com.google.common.cache.RemovalListener                                         : loaded 2 times (x 70B)
Class org.gradle.api.internal.DefaultClassPathRegistry                                : loaded 2 times (x 76B)
Class kotlin.jvm.internal.ShortCompanionObject                                        : loaded 2 times (x 71B)
Class kotlin.sequences.DistinctIterator                                               : loaded 2 times (x 83B)
Class org.jetbrains.kotlin.config.Services$Companion                                  : loaded 2 times (x 71B)
Class kotlin.reflect.jvm.internal.KPropertyImpl                                       : loaded 2 times (x 115B)
Class kotlinx.coroutines.internal.LockFreeTaskQueueCore                               : loaded 2 times (x 72B)
Class kotlinx.coroutines.JobCancellingNode                                            : loaded 2 times (x 90B)
Class org.gradle.api.internal.classpath.UnknownModuleException                        : loaded 2 times (x 82B)
Class org.jetbrains.kotlin.cli.common.messages.MessageCollector                       : loaded 2 times (x 70B)
Class org.apache.commons.io.file.DeleteOption                                         : loaded 2 times (x 70B)
Class com.google.common.reflect.Invokable$ConstructorInvokable                        : loaded 2 times (x 107B)
Class com.google.common.primitives.IntsMethodsForWeb                                  : loaded 2 times (x 71B)
Class com.google.common.collect.Multimap                                              : loaded 2 times (x 70B)
Class org.gradle.api.internal.ClassPathRegistry                                       : loaded 2 times (x 70B)
Class org.gradle.internal.classpath.DefaultClassPath$ImmutableUniqueList              : loaded 2 times (x 199B)
Class com.google.common.cache.Weigher                                                 : loaded 2 times (x 70B)
Class kotlin.reflect.jvm.internal.KClassifierImpl                                     : loaded 2 times (x 70B)
Class kotlinx.coroutines.internal.DispatchedContinuationKt                            : loaded 2 times (x 71B)
Class kotlinx.coroutines.DispatchedTaskKt                                             : loaded 2 times (x 71B)
Class kotlinx.coroutines.internal.SystemPropsKt__SystemProps_commonKt                 : loaded 2 times (x 71B)
Class kotlinx.coroutines.ThreadContextElement                                         : loaded 2 times (x 70B)
Class kotlin.reflect.jvm.internal.impl.resolve.jvm.JvmPrimitiveType                   : loaded 2 times (x 79B)
Class org.gradle.api.internal.classpath.Module                                        : loaded 2 times (x 70B)
Class org.apache.commons.io.IOUtils                                                   : loaded 2 times (x 71B)
Class com.google.common.reflect.TypeToken                                             : loaded 2 times (x 73B)
Class com.google.common.collect.ImmutableMapEntrySet                                  : loaded 2 times (x 152B)
Class org.apache.commons.io.output.NullOutputStream                                   : loaded 2 times (x 85B)
Class org.jetbrains.kotlin.cli.common.arguments.K2JVMCompilerArgumentsConfigurator    : loaded 2 times (x 74B)
Class kotlin.reflect.jvm.internal.KotlinReflectionInternalError                       : loaded 2 times (x 82B)
Class kotlin.reflect.jvm.internal.impl.builtins.jvm.JavaToKotlinClassMap              : loaded 2 times (x 71B)
Class com.google.common.io.ByteSink                                                   : loaded 2 times (x 76B)
Class com.google.common.cache.CacheBuilder                                            : loaded 2 times (x 72B)
Class com.google.common.collect.SingletonImmutableList                                : loaded 2 times (x 207B)
Class Settings_gradle$1                                                               : loaded 2 times (x 74B)
Class org.gradle.internal.classpath.ClassPath                                         : loaded 2 times (x 70B)
Class kotlin.sequences.TakeWhileSequence$iterator$1                                   : loaded 2 times (x 79B)
Class kotlinx.coroutines.Job                                                          : loaded 2 times (x 70B)
Class kotlin.reflect.jvm.internal.KPackageImpl                                        : loaded 2 times (x 85B)
Class [Lkotlin.reflect.jvm.internal.impl.name.FqName;                                 : loaded 2 times (x 69B)
Class kotlin.jvm.internal.MutablePropertyReference0Impl                               : loaded 2 times (x 137B)
Class [Lcom.google.common.reflect.Types$JavaVersion;                                  : loaded 2 times (x 69B)
Class com.google.common.io.Files$FileByteSource                                       : loaded 2 times (x 85B)
Class com.google.common.base.JdkPattern                                               : loaded 2 times (x 75B)
Class com.google.common.collect.ImmutableList$ReverseImmutableList                    : loaded 2 times (x 209B)
Class kotlin.ranges.LongRange                                                         : loaded 2 times (x 93B)
Class com.google.common.collect.AbstractIndexedListIterator                           : loaded 2 times (x 96B)
Class [Lkotlinx.coroutines.CoroutineStart;                                            : loaded 2 times (x 69B)
Class kotlinx.coroutines.CoroutineDispatcher$Key                                      : loaded 2 times (x 72B)
Class org.jetbrains.kotlin.com.intellij.openapi.diagnostic.Logger                     : loaded 2 times (x 99B)
Class com.google.common.collect.ArrayListMultimapGwtSerializationDependencies         : loaded 2 times (x 172B)
Class com.google.common.collect.Multiset                                              : loaded 2 times (x 70B)
Class com.google.common.math.MathPreconditions                                        : loaded 2 times (x 71B)
Class org.jetbrains.kotlin.cli.common.arguments.Freezable                             : loaded 2 times (x 72B)
Class com.google.common.io.CharSource$CharSequenceCharSource                          : loaded 2 times (x 86B)
Class com.google.errorprone.annotations.DoNotMock                                     : loaded 2 times (x 70B)
Class org.objectweb.asm.SymbolTable$Entry                                             : loaded 2 times (x 74B)
Class com.google.common.collect.ObjectArrays                                          : loaded 2 times (x 71B)
Class kotlin.Deprecated                                                               : loaded 2 times (x 70B)
Class org.objectweb.asm.Edge                                                          : loaded 2 times (x 72B)
Class com.google.common.base.Suppliers$SupplierOfInstance                             : loaded 2 times (x 79B)
Class com.google.common.collect.Iterators$1                                           : loaded 2 times (x 81B)
Class kotlin.ranges.LongProgression$Companion                                         : loaded 2 times (x 71B)
Class kotlinx.coroutines.ExecutorCoroutineDispatcher                                  : loaded 2 times (x 107B)
Class kotlinx.coroutines.ExecutorCoroutineDispatcher$Key$1                            : loaded 2 times (x 78B)
Class kotlin.reflect.jvm.internal.KProperty2Impl                                      : loaded 2 times (x 128B)
Class com.google.common.collect.AbstractIterator                                      : loaded 2 times (x 82B)
Class com.google.common.primitives.Ints                                               : loaded 2 times (x 71B)
Class com.google.devtools.ksp.processing.KSPJvmConfig                                 : loaded 2 times (x 72B)
Class com.google.common.reflect.TypeToken$1                                           : loaded 2 times (x 110B)
Class com.google.common.cache.LocalCache$ComputingValueReference                      : loaded 2 times (x 96B)
Class com.google.common.collect.SingletonImmutableSet                                 : loaded 2 times (x 146B)
Class com.google.common.collect.ImmutableMap$IteratorBasedImmutableMap                : loaded 2 times (x 126B)
Class com.google.common.reflect.Reflection                                            : loaded 2 times (x 71B)
Class com.google.common.base.Absent                                                   : loaded 2 times (x 80B)
Class [Lorg.jetbrains.kotlin.cli.common.messages.CompilerMessageSeverity;             : loaded 2 times (x 69B)
Class com.google.common.reflect.TypeToken$2                                           : loaded 2 times (x 110B)
Class com.google.common.cache.LocalCache$Segment                                      : loaded 2 times (x 154B)
Class org.gradle.api.internal.classpath.DefaultModuleRegistry$DefaultModule           : loaded 2 times (x 86B)
Class com.google.common.collect.BiMap                                                 : loaded 2 times (x 70B)
Class org.jetbrains.kotlin.cli.jvm.compiler.KotlinCoreEnvironment                     : loaded 2 times (x 72B)
Class com.google.common.collect.ImmutableMap$1                                        : loaded 2 times (x 81B)
Class kotlin.reflect.jvm.internal.ReflectProperties                                   : loaded 2 times (x 71B)
Class com.google.common.collect.AbstractListMultimap                                  : loaded 2 times (x 172B)
Class [Lorg.objectweb.asm.SymbolTable$Entry;                                          : loaded 2 times (x 69B)
Class com.google.common.cache.CacheLoader                                             : loaded 2 times (x 74B)
Class com.google.common.collect.Iterators$4                                           : loaded 2 times (x 82B)
Class com.google.common.collect.ImmutableBiMap                                        : loaded 2 times (x 143B)
Class org.gradle.api.internal.classpath.ModuleRegistry                                : loaded 2 times (x 70B)
Class org.gradle.internal.installation.GradleInstallation$1                           : loaded 2 times (x 75B)
Class com.google.common.collect.IndexedImmutableSet                                   : loaded 2 times (x 152B)
Class kotlin.jvm.internal.DoubleCompanionObject                                       : loaded 2 times (x 71B)
Class com.google.devtools.ksp.processing.KSPLogger                                    : loaded 2 times (x 70B)
Class org.apache.commons.io.output.NullWriter                                         : loaded 2 times (x 99B)
Class com.google.common.base.Splitter$SplittingIterator                               : loaded 2 times (x 84B)
Class com.google.common.collect.ImmutableSet$JdkBackedSetBuilderImpl                  : loaded 2 times (x 76B)
Class com.google.common.util.concurrent.internal.InternalFutureFailureAccess          : loaded 2 times (x 72B)
Class com.google.common.collect.Iterators$5                                           : loaded 2 times (x 82B)
Class [Lkotlin.jvm.internal.markers.KMappedMarker;                                    : loaded 2 times (x 69B)
Class org.objectweb.asm.FieldVisitor                                                  : loaded 2 times (x 77B)
Class kotlin.coroutines.ContinuationKt                                                : loaded 2 times (x 71B)
Class kotlin.reflect.jvm.internal.impl.builtins.StandardNames$FqNames                 : loaded 2 times (x 71B)
Class kotlinx.coroutines.Job$Key                                                      : loaded 2 times (x 71B)
Class kotlinx.coroutines.DefaultExecutor                                              : loaded 2 times (x 120B)
Class kotlin.reflect.jvm.internal.KDeclarationContainerImpl                           : loaded 2 times (x 84B)
Class com.google.common.cache.LocalCache$LocalManualCache$1                           : loaded 2 times (x 75B)
Class com.google.common.base.CharMatcher$ForPredicate                                 : loaded 2 times (x 112B)
Class kotlinx.coroutines.JobSupport                                                   : loaded 2 times (x 132B)
Class kotlin.text.LinesIterator$State                                                 : loaded 2 times (x 71B)
Class org.gradle.internal.classloader.ClasspathUtil$1                                 : loaded 2 times (x 76B)
Class com.google.common.base.CharMatcher$AnyOf                                        : loaded 2 times (x 112B)
Class com.google.common.collect.ImmutableCollection                                   : loaded 2 times (x 125B)
Class ijKotlinCoroutineJvmDebugInit1_6qqv2l2kcy5bwn5egbc0qbuht                        : loaded 2 times (x 171B)
Class org.gradle.api.internal.classpath.DefaultModuleRegistry                         : loaded 2 times (x 86B)
Class com.google.common.base.CharMatcher$And                                          : loaded 2 times (x 112B)
Class kotlin.collections.AbstractMutableMap                                           : loaded 2 times (x 128B)
Class com.google.common.cache.CacheLoader$UnsupportedLoadingOperationException        : loaded 2 times (x 82B)
Class kotlinx.coroutines.EventLoop                                                    : loaded 2 times (x 105B)
Class kotlin.collections.AbstractSet                                                  : loaded 2 times (x 135B)
Class org.objectweb.asm.ClassWriter                                                   : loaded 2 times (x 106B)
Class com.google.common.collect.AbstractMapBasedMultimap$KeySet$1                     : loaded 2 times (x 82B)
Class kotlin.reflect.jvm.internal.impl.name.SpecialNames                              : loaded 2 times (x 71B)
Class kotlin.reflect.jvm.internal.ReflectionFactoryImpl                               : loaded 2 times (x 91B)
Class kotlinx.coroutines.internal.ThreadLocalKt                                       : loaded 2 times (x 71B)
Class com.google.common.collect.Lists                                                 : loaded 2 times (x 71B)
Class com.google.common.util.concurrent.ListenableFuture                              : loaded 2 times (x 70B)
Class com.google.common.cache.ReferenceEntry                                          : loaded 2 times (x 70B)
Class com.google.common.base.Converter                                                : loaded 2 times (x 90B)
Class com.google.common.collect.ImmutableSet$CachingAsList                            : loaded 2 times (x 148B)
Class jdk.internal.jimage.BasicImageReader$2                                          : loaded 2 times (x 77B)
Class kotlin.properties.NotNullVar                                                    : loaded 2 times (x 79B)
Class org.jetbrains.kotlin.com.intellij.openapi.diagnostic.Logger$DefaultFactory      : loaded 2 times (x 74B)
Class kotlin.jvm.JvmStatic                                                            : loaded 2 times (x 70B)
Class kotlin.collections.builders.SetBuilder$Companion                                : loaded 2 times (x 71B)
Class com.google.common.collect.AbstractMapBasedMultimap                              : loaded 2 times (x 139B)
Class com.google.common.util.concurrent.AbstractFuture                                : loaded 2 times (x 106B)
Class com.google.common.base.FunctionalEquivalence                                    : loaded 2 times (x 83B)
Class com.google.common.collect.Iterators$9                                           : loaded 2 times (x 81B)
Class com.google.common.collect.ImmutableAsList                                       : loaded 2 times (x 209B)
Class kotlin.io.FileTreeWalk$FileTreeWalkIterator$WhenMappings                        : loaded 2 times (x 71B)
Class kotlin.jvm.internal.Ref$IntRef                                                  : loaded 2 times (x 71B)
Class org.gradle.kotlin.dsl.VersionCatalogAccessorsKt                                 : loaded 2 times (x 71B)
Class com.google.common.reflect.TypeResolver$TypeTable                                : loaded 2 times (x 73B)
Class org.objectweb.asm.RecordComponentVisitor                                        : loaded 2 times (x 77B)
Class com.google.common.cache.CacheLoader$SupplierToCacheLoader                       : loaded 2 times (x 75B)
Class com.google.common.util.concurrent.UncheckedExecutionException                   : loaded 2 times (x 82B)
Class jdk.internal.jimage.ImageReader$Resource                                        : loaded 2 times (x 84B)
Class kotlin.text.MatchNamedGroupCollection                                           : loaded 2 times (x 70B)
Class com.google.common.collect.Lists$StringAsImmutableList                           : loaded 2 times (x 207B)
Class kotlinx.coroutines.scheduling.TasksKt                                           : loaded 2 times (x 71B)
Class kotlinx.coroutines.internal.SystemPropsKt__SystemPropsKt                        : loaded 2 times (x 71B)
Class com.google.common.io.ByteSink$AsCharSink                                        : loaded 2 times (x 80B)
Class org.jetbrains.kotlin.config.Services                                            : loaded 2 times (x 72B)
Class kotlin.reflect.jvm.internal.KMutableProperty1Impl                               : loaded 2 times (x 135B)
Class kotlin.jvm.internal.IntCompanionObject                                          : loaded 2 times (x 71B)
Class com.google.common.reflect.TypeResolver$TypeTable$1                              : loaded 2 times (x 73B)
Class com.google.common.collect.Maps$EntryTransformer                                 : loaded 2 times (x 70B)
Class org.gradle.internal.service.ServiceLookupException                              : loaded 2 times (x 82B)
Class jdk.internal.jrtfs.JrtFileAttributes                                            : loaded 2 times (x 83B)
Class jdk.internal.jrtfs.JrtDirectoryStream$1                                         : loaded 2 times (x 83B)
Class com.google.common.collect.Iterators                                             : loaded 2 times (x 71B)
Class kotlinx.coroutines.ChildHandleNode                                              : loaded 2 times (x 94B)
Class kotlinx.coroutines.scheduling.SchedulerCoroutineDispatcher                      : loaded 2 times (x 108B)
Class org.jetbrains.kotlin.com.intellij.openapi.diagnostic.LogLevel                   : loaded 2 times (x 79B)
Class kotlin.sequences.SequencesKt___SequencesKt$sortedWith$1                         : loaded 2 times (x 75B)
Class [Lcom.google.common.cache.LocalCache$EntryFactory;                              : loaded 2 times (x 69B)
Class org.gradle.internal.classloader.ClassLoaderFactory                              : loaded 2 times (x 70B)
Class kotlin.jvm.internal.EnumCompanionObject                                         : loaded 2 times (x 71B)
Class kotlinx.coroutines.CompletionHandlerBase                                        : loaded 2 times (x 80B)
Class kotlin.reflect.jvm.internal.impl.builtins.PrimitiveType                         : loaded 2 times (x 79B)
Class org.jetbrains.kotlin.cli.common.arguments.ArgumentParseErrors                   : loaded 2 times (x 72B)
Class org.apache.commons.io.CloseableURLConnection                                    : loaded 2 times (x 116B)
Class com.google.common.base.CommonPattern                                            : loaded 2 times (x 74B)
Class com.google.common.cache.LocalCache$LocalManualCache                             : loaded 2 times (x 99B)
Class com.google.common.base.CharMatcher$IsNot                                        : loaded 2 times (x 111B)
Class org.gradle.internal.service.CachingServiceLocator                               : loaded 2 times (x 82B)
Class kotlin.jvm.internal.Intrinsics$Kotlin                                           : loaded 2 times (x 71B)
Class kotlin.collections.AbstractMap                                                  : loaded 2 times (x 122B)
Class com.google.common.util.concurrent.AbstractFuture$Trusted                        : loaded 2 times (x 70B)
Class com.google.common.base.Optional                                                 : loaded 2 times (x 80B)
Class com.google.common.collect.AbstractMapBasedMultimap$KeySet                       : loaded 2 times (x 137B)
Class com.google.common.math.IntMath                                                  : loaded 2 times (x 71B)
Class kotlinx.coroutines.BlockingEventLoop                                            : loaded 2 times (x 117B)
Class kotlin.coroutines.AbstractCoroutineContextElement                               : loaded 2 times (x 89B)
Class kotlinx.coroutines.ThreadLocalEventLoop                                         : loaded 2 times (x 71B)
Class com.google.common.collect.RegularImmutableAsList                                : loaded 2 times (x 217B)
Class kotlin.ReplaceWith                                                              : loaded 2 times (x 70B)
Class kotlin.reflect.jvm.internal.impl.descriptors.runtime.structure.ReflectClassUtilKt: loaded 2 times (x 71B)
Class kotlin.reflect.jvm.internal.impl.utils.CollectionsKt                            : loaded 2 times (x 71B)
Class com.google.common.reflect.Types$TypeVariableInvocationHandler                   : loaded 2 times (x 75B)
Class com.google.common.collect.ImmutableMapEntry                                     : loaded 2 times (x 85B)
Class kotlinx.coroutines.CompletionStateKt                                            : loaded 2 times (x 71B)
Class kotlinx.coroutines.internal.LimitedDispatcherKt                                 : loaded 2 times (x 71B)
Class com.google.common.base.Equivalence                                              : loaded 2 times (x 82B)
Class com.google.common.base.Function                                                 : loaded 2 times (x 70B)
Class com.google.common.collect.ImmutableMapEntry$NonTerminalImmutableMapEntry        : loaded 2 times (x 85B)
Class kotlin.jvm.internal.markers.KMutableListIterator                                : loaded 2 times (x 70B)
Class kotlinx.coroutines.CoroutineDispatcher$Key$1                                    : loaded 2 times (x 78B)
Class kotlinx.coroutines.CoroutineDispatcher                                          : loaded 2 times (x 99B)
Class [Lorg.jetbrains.kotlin.cli.common.CompilerSystemProperties;                     : loaded 2 times (x 69B)
Class org.apache.commons.io.output.AbstractByteArrayOutputStream                      : loaded 2 times (x 102B)
Class com.google.common.cache.CacheBuilder$OneWeigher                                 : loaded 2 times (x 82B)
Class com.google.common.collect.RegularImmutableList                                  : loaded 2 times (x 213B)
Class com.google.common.cache.LocalCache$2                                            : loaded 2 times (x 142B)
Class com.google.common.collect.AbstractMultimap                                      : loaded 2 times (x 123B)
Class kotlin.text.StringsKt__StringsKt$lineSequence$$inlined$Sequence$1               : loaded 2 times (x 75B)
Class org.jetbrains.kotlin.com.intellij.openapi.diagnostic.Logger$Factory             : loaded 2 times (x 70B)
Class kotlin.reflect.jvm.internal.KDeclarationContainerImpl$Companion                 : loaded 2 times (x 71B)
Class com.google.common.reflect.Types$ClassOwnership$1LocalClass                      : loaded 2 times (x 71B)
Class org.gradle.internal.classloader.ClasspathUtil                                   : loaded 2 times (x 71B)
Class com.google.common.collect.ImmutableList$Builder                                 : loaded 2 times (x 77B)
Class kotlin.collections.builders.SetBuilder                                          : loaded 2 times (x 143B)
Class kotlinx.coroutines.NonDisposableHandle                                          : loaded 2 times (x 78B)
Class com.google.common.collect.Sets$ImprovedAbstractSet                              : loaded 2 times (x 135B)
Class kotlin.jvm.internal.PropertyReference0                                          : loaded 2 times (x 127B)
Class org.jetbrains.kotlin.cli.common.arguments.ParseCommandLineArgumentsKt           : loaded 2 times (x 71B)
Class com.google.common.util.concurrent.Uninterruptibles                              : loaded 2 times (x 71B)
Class kotlin.reflect.full.IllegalCallableAccessException                              : loaded 2 times (x 82B)
Class com.google.common.reflect.TypeToken$SimpleTypeToken                             : loaded 2 times (x 73B)
Class com.google.common.io.ByteSource$ByteArrayByteSource                             : loaded 2 times (x 85B)
Class kotlin.sequences.DistinctSequence                                               : loaded 2 times (x 75B)
Class com.google.common.io.CharSource                                                 : loaded 2 times (x 85B)
Class com.google.common.util.concurrent.LazyLogger                                    : loaded 2 times (x 72B)
Class com.google.common.collect.Maps                                                  : loaded 2 times (x 71B)
Class org.gradle.api.specs.Spec                                                       : loaded 2 times (x 70B)
Class jdk.internal.jimage.ImageReader$SharedImageReader$LocationVisitor               : loaded 2 times (x 70B)
Class com.google.common.io.CharSource$StringCharSource                                : loaded 2 times (x 86B)
Class kotlinx.coroutines.scheduling.GlobalQueue                                       : loaded 2 times (x 72B)
Class kotlin.jvm.internal.PropertyReference2                                          : loaded 2 times (x 127B)
Class ijJvmDebugger1_3ch6s73gowdj1hz19dpdk9az                                         : loaded 2 times (x 171B)
Class org.apache.commons.io.file.PathFilter                                           : loaded 2 times (x 70B)
Class com.google.common.reflect.Types$JavaVersion                                     : loaded 2 times (x 83B)
Class [Lcom.google.common.collect.ImmutableEntry;                                     : loaded 2 times (x 69B)
Class kotlinx.coroutines.CoroutineContextKt                                           : loaded 2 times (x 71B)
Class [Lkotlin.reflect.jvm.internal.impl.builtins.jvm.JavaToKotlinClassMap$PlatformMutabilityMapping;: loaded 2 times (x 69B)
Class com.google.common.collect.AbstractMapEntry                                      : loaded 2 times (x 81B)
Class kotlin.reflect.full.IllegalPropertyDelegateAccessException                      : loaded 2 times (x 82B)
Class com.google.common.collect.Iterators$SingletonIterator                           : loaded 2 times (x 81B)
Class com.google.common.cache.LocalCache$LoadingValueReference                        : loaded 2 times (x 96B)
Class com.google.common.cache.LocalCache$1                                            : loaded 2 times (x 89B)
Class com.google.common.collect.SingletonImmutableBiMap                               : loaded 2 times (x 143B)
Class kotlinx.coroutines.internal.DispatchedContinuation                              : loaded 2 times (x 90B)
Class kotlinx.coroutines.internal.Symbol                                              : loaded 2 times (x 72B)
Class com.google.common.base.Ascii                                                    : loaded 2 times (x 71B)
Class org.apache.commons.io.FileExistsException                                       : loaded 2 times (x 82B)
Class [Lkotlin.Function;                                                              : loaded 2 times (x 69B)
Class com.google.common.reflect.Invokable$MethodInvokable                             : loaded 2 times (x 107B)
Class com.google.common.collect.AbstractMapBasedMultimap$AsMap                        : loaded 2 times (x 128B)
Class com.google.common.base.Platform                                                 : loaded 2 times (x 71B)
Class jdk.internal.jrtfs.JrtFileSystem$1                                              : loaded 2 times (x 107B)
Class org.gradle.internal.service.ServiceLocator                                      : loaded 2 times (x 70B)
Class kotlin.jvm.internal.CharCompanionObject                                         : loaded 2 times (x 71B)
Class com.google.common.collect.UnmodifiableIterator                                  : loaded 2 times (x 80B)
Class [Lorg.objectweb.asm.Type;                                                       : loaded 2 times (x 69B)
Class com.google.common.collect.Platform                                              : loaded 2 times (x 71B)
Class org.jetbrains.kotlin.cli.common.arguments.PreprocessCommandLineArgumentsKt      : loaded 2 times (x 71B)
Class org.jetbrains.kotlin.codegen.CompilationException                               : loaded 2 times (x 95B)
Class com.google.devtools.ksp.processing.KspGradleLogger$Companion                    : loaded 2 times (x 71B)
Class com.google.common.collect.AbstractMapBasedMultimap$WrappedList                  : loaded 2 times (x 205B)
Class [Lorg.objectweb.asm.AnnotationWriter;                                           : loaded 2 times (x 69B)
Class com.google.common.collect.Maps$8                                                : loaded 2 times (x 82B)
Class [Lorg.jetbrains.kotlin.com.intellij.openapi.diagnostic.LogLevel;                : loaded 2 times (x 69B)
Class kotlinx.coroutines.BuildersKt__BuildersKt                                       : loaded 2 times (x 71B)
Class kotlinx.coroutines.scheduling.NanoTimeSource                                    : loaded 2 times (x 72B)
Class kotlinx.coroutines.EventLoopKt                                                  : loaded 2 times (x 71B)
Class kotlin.jvm.internal.BooleanCompanionObject                                      : loaded 2 times (x 71B)
Class com.google.common.base.MoreObjects                                              : loaded 2 times (x 71B)
Class com.google.common.base.Joiner                                                   : loaded 2 times (x 79B)
Class com.google.common.reflect.TypeResolver$TypeVariableKey                          : loaded 2 times (x 72B)
Class com.google.common.collect.Sets$SetView                                          : loaded 2 times (x 138B)
Class com.google.common.cache.LocalCache$StrongValueReference                         : loaded 2 times (x 90B)
Class org.apache.commons.io.output.ByteArrayOutputStream                              : loaded 2 times (x 102B)
Class kotlin.reflect.jvm.internal.impl.name.FqNamesUtilKt                             : loaded 2 times (x 71B)
Class kotlin.collections.builders.ListBuilder                                         : loaded 2 times (x 207B)
Class com.google.common.graph.SuccessorsFunction                                      : loaded 2 times (x 70B)
Class org.objectweb.asm.Type                                                          : loaded 2 times (x 72B)
Class org.gradle.internal.classloader.VisitableURLClassLoader$InstrumentingVisitableURLClassLoader: loaded 2 times (x 123B)
Class kotlin.collections.builders.ListBuilder$Companion                               : loaded 2 times (x 71B)
Class kotlin.collections.ReversedListReadOnly$listIterator$1                          : loaded 2 times (x 90B)
Class kotlinx.coroutines.Job$DefaultImpls                                             : loaded 2 times (x 71B)
Class kotlin.coroutines.CoroutineContext$Element$DefaultImpls                         : loaded 2 times (x 71B)
Class kotlinx.coroutines.scheduling.CoroutineScheduler$Companion                      : loaded 2 times (x 71B)
Class jdk.internal.jrtfs.SystemImage$2                                                : loaded 2 times (x 76B)
Class [Lkotlin.reflect.jvm.internal.impl.resolve.jvm.JvmPrimitiveType;                : loaded 2 times (x 69B)
Class com.google.common.collect.ImmutableCollection$Builder                           : loaded 2 times (x 76B)
Class com.google.common.collect.Iterators$ArrayItr                                    : loaded 2 times (x 97B)
Class com.google.common.cache.CacheLoader$FunctionToCacheLoader                       : loaded 2 times (x 75B)
Class org.apache.commons.io.FileUtils                                                 : loaded 2 times (x 71B)
Class com.google.common.io.Files$FileByteSink                                         : loaded 2 times (x 77B)
Class com.google.common.math.IntMath$1                                                : loaded 2 times (x 71B)
Class org.objectweb.asm.ByteVector                                                    : loaded 2 times (x 79B)
Class [Lcom.google.common.cache.CacheBuilder$NullListener;                            : loaded 2 times (x 69B)
Class org.gradle.internal.classloader.VisitableURLClassLoader$Spec                    : loaded 2 times (x 74B)
Class org.gradle.internal.classpath.DefaultClassPath                                  : loaded 2 times (x 90B)
Class com.google.common.reflect.Types$ParameterizedTypeImpl                           : loaded 2 times (x 81B)
Class org.apache.commons.io.output.UnsynchronizedByteArrayOutputStream                : loaded 2 times (x 102B)
Class kotlinx.coroutines.DisposableHandle                                             : loaded 2 times (x 70B)
Class jdk.internal.jrtfs.SystemImage$1                                                : loaded 2 times (x 78B)
Class org.gradle.internal.classloader.InstrumentingClassLoader                        : loaded 2 times (x 70B)
Class org.gradle.internal.classpath.TransformedClassPath                              : loaded 2 times (x 96B)
Class com.google.common.cache.CacheBuilder$NullListener                               : loaded 2 times (x 82B)
Class com.google.devtools.ksp.processing.KspGradleLogger                              : loaded 2 times (x 79B)
Class com.google.common.reflect.Types$ClassOwnership                                  : loaded 2 times (x 80B)
Class com.google.common.base.AbstractIterator                                         : loaded 2 times (x 80B)
Class org.objectweb.asm.Symbol                                                        : loaded 2 times (x 73B)
Class ijJvmDebugger1_3ch6s73gowdj1hz19dpdk9az$_run_closure1$_closure2                 : loaded 2 times (x 140B)
Class kotlin.UInt$Companion                                                           : loaded 2 times (x 71B)
Class kotlin.UInt                                                                     : loaded 2 times (x 74B)
Class org.objectweb.asm.FieldWriter                                                   : loaded 2 times (x 78B)
Class com.google.common.io.Closer                                                     : loaded 2 times (x 78B)
Class com.google.common.base.CharMatcher$BitSetMatcher                                : loaded 2 times (x 112B)
Class com.google.common.collect.RegularImmutableMap$Values                            : loaded 2 times (x 207B)
Class com.google.common.collect.ImmutableSet                                          : loaded 2 times (x 145B)
Class org.gradle.internal.classloader.ClassLoaderSpec                                 : loaded 2 times (x 71B)
Class kotlin.jvm.internal.LongCompanionObject                                         : loaded 2 times (x 71B)
Class kotlin.collections.ReversedListReadOnly                                         : loaded 2 times (x 198B)
Class com.google.common.reflect.Invokable                                             : loaded 2 times (x 103B)
Class kotlin.reflect.jvm.internal.ReflectProperties$Val$1                             : loaded 2 times (x 71B)
Class jdk.internal.jimage.ImageReader$LinkNode                                        : loaded 2 times (x 84B)
Class com.google.common.collect.MapDifference                                         : loaded 2 times (x 70B)
Class com.google.common.io.ByteSource$EmptyByteSource                                 : loaded 2 times (x 85B)
Class org.objectweb.asm.AnnotationWriter                                              : loaded 2 times (x 79B)
Class com.google.common.cache.CacheStats                                              : loaded 2 times (x 71B)
Class com.google.common.cache.LocalCache$Strength$3                                   : loaded 2 times (x 81B)
Class kotlinx.coroutines.CoroutineStart$WhenMappings                                  : loaded 2 times (x 71B)
Class com.google.common.base.Splitter$1                                               : loaded 2 times (x 77B)
Class com.google.common.collect.TransformedIterator                                   : loaded 2 times (x 80B)
Class com.google.common.io.ByteStreams                                                : loaded 2 times (x 71B)
Class kotlinx.coroutines.scheduling.DefaultIoScheduler                                : loaded 2 times (x 110B)
Class kotlin.jdk7.AutoCloseableKt                                                     : loaded 2 times (x 71B)
Class com.google.common.io.Closer$Suppressor                                          : loaded 2 times (x 70B)
Class com.google.common.io.LineProcessor                                              : loaded 2 times (x 70B)
Class org.objectweb.asm.RecordComponentWriter                                         : loaded 2 times (x 78B)
Class com.google.common.util.concurrent.AbstractFuture$Listener                       : loaded 2 times (x 72B)
Class com.google.common.base.CharMatcher$Or                                           : loaded 2 times (x 112B)
Class Settings_gradle$1$1                                                             : loaded 2 times (x 74B)
Class kotlin.collections.AbstractSet$Companion                                        : loaded 2 times (x 71B)
Class kotlinx.coroutines.DispatchedTask                                               : loaded 2 times (x 81B)
Class org.jetbrains.kotlin.config.Services$Builder                                    : loaded 2 times (x 72B)
Class kotlin.io.FileTreeWalk$DirectoryState                                           : loaded 2 times (x 73B)
Class org.objectweb.asm.Attribute                                                     : loaded 2 times (x 77B)
Class com.google.common.base.Supplier                                                 : loaded 2 times (x 70B)
Class org.gradle.internal.classloader.VisitableURLClassLoader                         : loaded 2 times (x 117B)
Class jdk.internal.jrtfs.JrtFileStore                                                 : loaded 2 times (x 83B)
Class com.google.common.cache.LocalCache$Strength$2                                   : loaded 2 times (x 81B)
Class com.google.common.util.concurrent.SettableFuture                                : loaded 2 times (x 114B)
Class kotlin.reflect.jvm.internal.KClassImpl                                          : loaded 2 times (x 115B)
Class com.google.common.reflect.Types$ClassOwnership$3                                : loaded 2 times (x 71B)
Class org.apache.commons.io.output.QueueOutputStream                                  : loaded 2 times (x 87B)
Class com.google.common.io.CharSource$AsByteSource                                    : loaded 2 times (x 85B)
Class com.google.common.collect.ImmutableList$SerializedForm                          : loaded 2 times (x 73B)
Class Settings_gradle                                                                 : loaded 2 times (x 124B)
Class org.gradle.internal.Cast                                                        : loaded 2 times (x 71B)
Class org.gradle.api.Action                                                           : loaded 2 times (x 70B)
Class org.jetbrains.kotlin.cli.common.messages.CompilerMessageSeverity                : loaded 2 times (x 79B)
Class kotlinx.coroutines.internal.SystemPropsKt                                       : loaded 2 times (x 71B)
Class kotlinx.coroutines.CompletedExceptionally                                       : loaded 2 times (x 72B)
Class kotlin.coroutines.AbstractCoroutineContextKey                                   : loaded 2 times (x 72B)
Class com.google.common.cache.LocalCache$Strength$1                                   : loaded 2 times (x 81B)
Class org.jetbrains.kotlin.cli.common.messages.GradleStyleMessageRenderer             : loaded 2 times (x 78B)
Class org.objectweb.asm.ModuleVisitor                                                 : loaded 2 times (x 81B)
Class com.google.common.base.Strings                                                  : loaded 2 times (x 71B)
Class com.google.common.collect.Sets                                                  : loaded 2 times (x 71B)
Class org.objectweb.asm.Handler                                                       : loaded 2 times (x 72B)
Class com.google.common.base.Ticker                                                   : loaded 2 times (x 72B)
Class com.google.common.base.CharMatcher$FastMatcher                                  : loaded 2 times (x 111B)
Class com.google.common.collect.Sets$4                                                : loaded 2 times (x 139B)
Class com.google.common.reflect.TypeResolver                                          : loaded 2 times (x 72B)
Class com.google.common.reflect.Types$ClassOwnership$2                                : loaded 2 times (x 80B)
Class com.google.devtools.ksp.processing.KSPConfig                                    : loaded 2 times (x 72B)
Class [Lcom.google.common.cache.LocalCache$Segment;                                   : loaded 2 times (x 69B)
Class [Lcom.google.common.cache.LocalCache$Strength;                                  : loaded 2 times (x 69B)
Class com.google.common.cache.CacheBuilder$1                                          : loaded 2 times (x 85B)
Class com.google.common.base.Predicate                                                : loaded 2 times (x 70B)
Class com.google.common.collect.ImmutableMap                                          : loaded 2 times (x 120B)
Class org.gradle.internal.classpath.DefaultClassPath$ImmutableUniqueList$Builder      : loaded 2 times (x 75B)
Class com.google.common.io.ByteArrayDataInput                                         : loaded 2 times (x 70B)
Class kotlinx.coroutines.CoroutineStart                                               : loaded 2 times (x 79B)
Class kotlinx.coroutines.scheduling.UnlimitedIoScheduler                              : loaded 2 times (x 99B)
Class kotlin.reflect.jvm.internal.impl.name.ClassId                                   : loaded 2 times (x 72B)
Class kotlin.reflect.jvm.internal.KDeclarationContainerImpl$Data                      : loaded 2 times (x 72B)
Class kotlinx.coroutines.IncompleteStateBox                                           : loaded 2 times (x 72B)
Class org.jetbrains.kotlin.utils.exceptions.KotlinExceptionWithAttachments            : loaded 2 times (x 70B)
Class com.google.common.cache.LocalCache                                              : loaded 2 times (x 187B)
Class com.google.common.cache.CacheBuilder$2                                          : loaded 2 times (x 79B)
Class com.google.common.base.CharMatcher$NegatedFastMatcher                           : loaded 2 times (x 113B)
Class kotlinx.coroutines.CoroutineId                                                  : loaded 2 times (x 93B)
Class kotlinx.coroutines.EventLoopImplBase                                            : loaded 2 times (x 117B)
Class kotlin.reflect.jvm.internal.impl.builtins.PrimitiveType$Companion               : loaded 2 times (x 71B)
Class org.gradle.internal.service.UnknownServiceException                             : loaded 2 times (x 83B)
Class kotlin.reflect.jvm.internal.KClassImpl$Data                                     : loaded 2 times (x 72B)
Class com.google.common.cache.LocalCache$LocalLoadingCache                            : loaded 2 times (x 134B)
Class com.google.common.collect.Sets$3                                                : loaded 2 times (x 139B)
Class [Lorg.objectweb.asm.AnnotationVisitor;                                          : loaded 2 times (x 69B)
Class org.jetbrains.kotlin.cli.common.arguments.K2JVMCompilerArguments                : loaded 2 times (x 76B)
Class com.google.common.collect.ArrayListMultimap                                     : loaded 2 times (x 172B)
Class com.google.common.cache.CacheBuilder$3                                          : loaded 2 times (x 72B)
Class [Lcom.google.common.collect.AbstractMapEntry;                                   : loaded 2 times (x 69B)
Class com.google.common.collect.ImmutableEntry                                        : loaded 2 times (x 82B)
Class org.gradle.api.GradleException                                                  : loaded 2 times (x 82B)
Class com.google.common.base.AbstractIterator$State                                   : loaded 2 times (x 79B)
Class kotlin.collections.AbstractMap$Companion                                        : loaded 2 times (x 71B)
Class com.google.common.reflect.Types$ClassOwnership$1                                : loaded 2 times (x 80B)
Class org.jetbrains.kotlin.cli.common.CompilerSystemProperties                        : loaded 2 times (x 80B)
Class org.jetbrains.kotlin.cli.common.arguments.Argument                              : loaded 2 times (x 70B)
Class kotlinx.coroutines.Delay                                                        : loaded 2 times (x 70B)
Class com.google.common.io.CharSource$EmptyCharSource                                 : loaded 2 times (x 86B)
Class org.apache.commons.io.StandardLineSeparator                                     : loaded 2 times (x 79B)
Class com.google.common.collect.CollectPreconditions                                  : loaded 2 times (x 71B)
Class ijJvmDebugger1_3ch6s73gowdj1hz19dpdk9az$_run_closure1                           : loaded 2 times (x 139B)
Class kotlinx.coroutines.DefaultExecutorKt                                            : loaded 2 times (x 71B)
Class kotlinx.coroutines.Unconfined                                                   : loaded 2 times (x 99B)
Class kotlinx.coroutines.GlobalScope                                                  : loaded 2 times (x 74B)
Class kotlinx.coroutines.ParentJob                                                    : loaded 2 times (x 70B)
Class kotlinx.coroutines.JobNode                                                      : loaded 2 times (x 90B)
Class kotlin.reflect.jvm.internal.KTypeParameterOwnerImpl                             : loaded 2 times (x 70B)
Class jdk.internal.jrtfs.SystemImage                                                  : loaded 2 times (x 74B)
Class org.gradle.api.internal.ClassPathProvider                                       : loaded 2 times (x 70B)
Class [Lcom.google.common.io.FileWriteMode;                                           : loaded 2 times (x 69B)
Class com.google.common.collect.SortedMapDifference                                   : loaded 2 times (x 70B)
Class kotlin.collections.builders.MapBuilder$KeysItr                                  : loaded 2 times (x 81B)
Class [Lorg.gradle.api.internal.ClassPathProvider;                                    : loaded 2 times (x 69B)
Class kotlinx.coroutines.AbstractCoroutine                                            : loaded 2 times (x 143B)
Class com.google.common.collect.Sets$2                                                : loaded 2 times (x 139B)
Class kotlin.reflect.jvm.internal.impl.name.Name                                      : loaded 2 times (x 75B)
Class kotlin.reflect.jvm.internal.KPropertyImpl$Companion                             : loaded 2 times (x 71B)
Class com.google.common.collect.Maps$ViewCachingAbstractMap                           : loaded 2 times (x 125B)
Class org.jetbrains.kotlin.cli.common.arguments.CommonCompilerArguments               : loaded 2 times (x 75B)
Class kotlin.sequences.SequencesKt___SequencesKt$asIterable$$inlined$Iterable$1       : loaded 2 times (x 79B)
Class com.google.common.io.Files                                                      : loaded 2 times (x 71B)
Class com.google.common.cache.LocalCache$EntryFactory                                 : loaded 2 times (x 83B)
Class com.google.common.io.CharSource$ConcatenatedCharSource                          : loaded 2 times (x 86B)
Class kotlin.reflect.jvm.internal.impl.builtins.jvm.JavaToKotlinClassMap$PlatformMutabilityMapping: loaded 2 times (x 72B)
Class kotlin.reflect.jvm.internal.impl.name.FqNameUnsafe                              : loaded 2 times (x 72B)
Class kotlin.coroutines.ContinuationInterceptor$DefaultImpls                          : loaded 2 times (x 71B)
Class org.jetbrains.kotlin.cli.common.arguments.CommonCompilerArgumentsConfigurator   : loaded 2 times (x 74B)
Class kotlin.text.MatchResult                                                         : loaded 2 times (x 70B)
Class kotlin.ranges.LongRange$Companion                                               : loaded 2 times (x 71B)
Class org.gradle.api.internal.DefaultClassPathProvider                                : loaded 2 times (x 76B)
Class com.google.common.reflect.Types$NativeTypeVariableEquals                        : loaded 2 times (x 71B)
Class com.google.common.reflect.TypeParameter                                         : loaded 2 times (x 72B)
Class com.google.common.cache.LocalCache$AbstractReferenceEntry                       : loaded 2 times (x 107B)
Class org.gradle.internal.IoActions                                                   : loaded 2 times (x 71B)
Class org.objectweb.asm.AnnotationVisitor                                             : loaded 2 times (x 78B)
Class kotlinx.coroutines.scheduling.TaskContext                                       : loaded 2 times (x 70B)
Class com.google.common.collect.Sets$1                                                : loaded 2 times (x 139B)
Class com.google.common.collect.ImmutableSet$SerializedForm                           : loaded 2 times (x 73B)
Class com.google.common.base.Splitter                                                 : loaded 2 times (x 72B)
Class kotlin.reflect.jvm.internal.KCallableImpl                                       : loaded 2 times (x 105B)
Class kotlin.reflect.jvm.internal.EmptyContainerForLocal                              : loaded 2 times (x 84B)
Class org.jetbrains.kotlin.utils.KotlinExceptionWithAttachments                       : loaded 2 times (x 94B)
Class org.objectweb.asm.SymbolTable                                                   : loaded 2 times (x 72B)
Class com.google.common.cache.CacheLoader$InvalidCacheLoadException                   : loaded 2 times (x 82B)
Class com.google.common.collect.ImmutableSet$RegularSetBuilderImpl                    : loaded 2 times (x 77B)
Class org.gradle.internal.classloader.SystemClassLoaderSpec                           : loaded 2 times (x 71B)
Class kotlin.text.MatcherMatchResult$groups$1                                         : loaded 2 times (x 151B)
Class kotlinx.coroutines.internal.LockFreeLinkedListNode                              : loaded 2 times (x 75B)
Class kotlinx.coroutines.EventLoop_commonKt                                           : loaded 2 times (x 71B)
Class kotlin.coroutines.CoroutineContext$DefaultImpls                                 : loaded 2 times (x 71B)
Class com.google.common.collect.ImmutableEnumMap                                      : loaded 2 times (x 126B)
Class kotlin.jvm.internal.PropertyReference0Impl                                      : loaded 2 times (x 127B)
Class com.google.common.collect.ListMultimap                                          : loaded 2 times (x 70B)
Class org.apache.commons.io.output.StringBuilderWriter                                : loaded 2 times (x 100B)
Class [Lorg.apache.commons.io.StandardLineSeparator;                                  : loaded 2 times (x 69B)
Class kotlinx.coroutines.DebugKt                                                      : loaded 2 times (x 71B)
Class org.gradle.api.internal.classpath.EffectiveClassPath                            : loaded 2 times (x 90B)
Class com.google.common.cache.LocalCache$StrongEntry                                  : loaded 2 times (x 108B)
Class com.google.common.util.concurrent.AbstractFuture$TrustedFuture                  : loaded 2 times (x 114B)
Class com.google.common.cache.LoadingCache                                            : loaded 2 times (x 70B)
Class [Lcom.google.common.collect.ImmutableMapEntry;                                  : loaded 2 times (x 69B)
Class kotlin.sequences.TakeWhileSequence                                              : loaded 2 times (x 75B)
Class kotlin.reflect.jvm.internal.KProperty1Impl                                      : loaded 2 times (x 128B)
Class jdk.internal.jrtfs.ExplodedImage                                                : loaded 2 times (x 77B)
Class org.gradle.internal.classloader.ClassLoaderVisitor                              : loaded 2 times (x 76B)
Class com.google.common.base.CharMatcher$None                                         : loaded 2 times (x 112B)
Class kotlin.io.FileTreeWalk$FileTreeWalkIterator$TopDownDirectoryState               : loaded 2 times (x 74B)
Class com.google.common.io.ByteStreams$LimitedInputStream                             : loaded 2 times (x 92B)
Class org.objectweb.asm.MethodWriter                                                  : loaded 2 times (x 106B)
Class [Lcom.google.common.cache.Weigher;                                              : loaded 2 times (x 69B)
Class com.google.common.collect.RegularImmutableMap$BucketOverflowException           : loaded 2 times (x 82B)
Class org.apache.commons.io.file.PathUtils                                            : loaded 2 times (x 71B)
Class com.google.common.io.ByteSource$ConcatenatedByteSource                          : loaded 2 times (x 85B)
Class kotlinx.coroutines.internal.LockFreeTaskQueueCore$Companion                     : loaded 2 times (x 71B)
Class org.jetbrains.kotlin.cli.jvm.compiler.KotlinCoreEnvironment$Companion           : loaded 2 times (x 71B)
Class kotlinx.coroutines.CopyableThreadContextElement                                 : loaded 2 times (x 70B)
Class kotlin.sequences.SequencesKt___SequencesKt$flatMap$1                            : loaded 2 times (x 125B)
Class org.jetbrains.kotlin.cli.common.CompilerSystemProperties$Companion              : loaded 2 times (x 71B)
Class kotlin.text.MatcherMatchResult$groupValues$1                                    : loaded 2 times (x 198B)
Class com.google.common.collect.AbstractMapBasedMultimap$RandomAccessWrappedList      : loaded 2 times (x 205B)
Class kotlin.jvm.internal.FloatCompanionObject                                        : loaded 2 times (x 71B)
Class org.gradle.internal.classloader.DefaultClassLoaderFactory                       : loaded 2 times (x 82B)
Class com.google.common.reflect.Types$JavaVersion$1                                   : loaded 2 times (x 83B)
Class com.google.common.collect.RegularImmutableBiMap                                 : loaded 2 times (x 149B)
Class com.google.common.cache.LocalCache$ValueReference                               : loaded 2 times (x 70B)
Class com.google.common.base.CharMatcher$Negated                                      : loaded 2 times (x 113B)
Class com.google.common.base.CharMatcher$Is                                           : loaded 2 times (x 111B)
Class com.google.common.base.Suppliers                                                : loaded 2 times (x 71B)
Class [Lcom.google.common.cache.CacheBuilder$OneWeigher;                              : loaded 2 times (x 69B)
Class org.jetbrains.kotlin.com.intellij.openapi.diagnostic.Attachment                 : loaded 2 times (x 72B)
Class org.objectweb.asm.MethodTooLargeException                                       : loaded 2 times (x 83B)
Class com.google.common.base.Platform$JdkPatternCompiler                              : loaded 2 times (x 75B)
Class kotlin.reflect.jvm.internal.impl.name.FqName                                    : loaded 2 times (x 72B)
Class org.jetbrains.kotlin.cli.common.arguments.CommonToolArguments                   : loaded 2 times (x 73B)
Class com.google.common.hash.PrimitiveSink                                            : loaded 2 times (x 70B)
Class com.google.common.reflect.Types$JavaVersion$2                                   : loaded 2 times (x 83B)
Class com.google.common.reflect.Types                                                 : loaded 2 times (x 71B)
Class com.google.common.base.PatternCompiler                                          : loaded 2 times (x 70B)
Class com.google.common.util.concurrent.AbstractFuture$Failure                        : loaded 2 times (x 72B)
Class com.google.common.base.Equivalence$Equals                                       : loaded 2 times (x 82B)
Class com.google.common.collect.Hashing                                               : loaded 2 times (x 71B)
Class com.google.common.base.Preconditions                                            : loaded 2 times (x 71B)
Class kotlinx.coroutines.EventLoopImplPlatform                                        : loaded 2 times (x 107B)
Class kotlin.reflect.jvm.internal.KProperty0Impl                                      : loaded 2 times (x 128B)
Class kotlinx.coroutines.scheduling.SchedulerTimeSource                               : loaded 2 times (x 72B)
Class kotlinx.coroutines.scheduling.CoroutineScheduler                                : loaded 2 times (x 81B)
Class com.google.common.collect.UnmodifiableListIterator                              : loaded 2 times (x 95B)
Class [Lorg.apache.commons.io.file.DeleteOption;                                      : loaded 2 times (x 69B)
Class com.google.common.reflect.Types$JavaVersion$3                                   : loaded 2 times (x 83B)
Class com.google.common.io.CharSink                                                   : loaded 2 times (x 79B)
Class com.google.common.base.Joiner$1                                                 : loaded 2 times (x 80B)
Class org.objectweb.asm.Label                                                         : loaded 2 times (x 73B)
Class org.objectweb.asm.CurrentFrame                                                  : loaded 2 times (x 73B)
Class org.objectweb.asm.ClassTooLargeException                                        : loaded 2 times (x 83B)
Class com.google.common.base.CharMatcher                                              : loaded 2 times (x 111B)
Class com.google.common.collect.PeekingIterator                                       : loaded 2 times (x 70B)
Class org.objectweb.asm.ClassVisitor                                                  : loaded 2 times (x 88B)
Class [Lorg.objectweb.asm.Symbol;                                                     : loaded 2 times (x 69B)
Class com.google.common.reflect.TypeCapture                                           : loaded 2 times (x 71B)
Class com.google.common.io.ByteSource$AsCharSource                                    : loaded 2 times (x 86B)
Class com.google.common.reflect.Types$JavaVersion$4                                   : loaded 2 times (x 83B)
Class com.google.common.base.Joiner$2                                                 : loaded 2 times (x 79B)
Class org.objectweb.asm.Frame                                                         : loaded 2 times (x 73B)
Class org.objectweb.asm.MethodVisitor                                                 : loaded 2 times (x 105B)
Class com.google.common.cache.LocalCache$EntryFactory$1                               : loaded 2 times (x 83B)
Class [Lcom.google.common.cache.RemovalListener;                                      : loaded 2 times (x 69B)
Class com.google.common.base.CharMatcher$NamedFastMatcher                             : loaded 2 times (x 112B)
Class com.google.common.base.CharMatcher$1                                            : loaded 2 times (x 113B)
Class kotlinx.coroutines.scheduling.TaskContextImpl                                   : loaded 2 times (x 75B)
Class kotlinx.coroutines.CoroutineScope                                               : loaded 2 times (x 70B)
Class kotlinx.coroutines.ChildHandle                                                  : loaded 2 times (x 70B)
Class kotlin.collections.builders.ListBuilder$Itr                                     : loaded 2 times (x 94B)
Class com.google.common.reflect.Types$JavaVersion$5                                   : loaded 2 times (x 71B)
Class [Lcom.google.common.reflect.Types$ClassOwnership;                               : loaded 2 times (x 69B)
Class com.google.common.cache.LocalCache$EntryFactory$2                               : loaded 2 times (x 83B)
Class ijKotlinCoroutineJvmDebugInit1_6qqv2l2kcy5bwn5egbc0qbuht$_run_closure1$_closure2: loaded 2 times (x 139B)
Class org.gradle.api.internal.classpath.GlobalCacheRootsProvider                      : loaded 2 times (x 70B)
Class kotlin.ranges.LongProgression                                                   : loaded 2 times (x 81B)
Class com.google.common.collect.ImmutableMap$MapViewOfValuesAsSingletonSets           : loaded 2 times (x 126B)
Class com.google.common.collect.RegularImmutableMap                                   : loaded 2 times (x 121B)
Class com.google.common.io.ByteArrayDataOutput                                        : loaded 2 times (x 70B)
Class org.objectweb.asm.ModuleWriter                                                  : loaded 2 times (x 82B)
Class com.google.common.cache.LocalCache$EntryFactory$3                               : loaded 2 times (x 83B)
Class com.google.common.base.Ticker$1                                                 : loaded 2 times (x 72B)
Class com.google.common.collect.Maps$BiMapConverter                                   : loaded 2 times (x 90B)
Class com.google.common.collect.ImmutableMapEntrySet$RegularEntrySet                  : loaded 2 times (x 152B)
Class kotlinx.coroutines.Incomplete                                                   : loaded 2 times (x 70B)
Class [Lkotlin.jvm.functions.Function1;                                               : loaded 2 times (x 69B)
Class org.jetbrains.kotlin.cli.common.messages.MessageRenderer                        : loaded 2 times (x 70B)
Class com.google.common.collect.ImmutableSet$Builder                                  : loaded 2 times (x 85B)
Class com.google.common.cache.LocalCache$EntryFactory$4                               : loaded 2 times (x 83B)
Class com.google.common.base.CharMatcher$InRange                                      : loaded 2 times (x 111B)
Class kotlin.concurrent.LocksKt                                                       : loaded 2 times (x 71B)
Class kotlinx.coroutines.AbstractTimeSourceKt                                         : loaded 2 times (x 71B)
Class org.jetbrains.kotlin.cli.common.arguments.ArgumentField                         : loaded 2 times (x 72B)
Class com.google.common.io.ByteStreams$1                                              : loaded 2 times (x 85B)
Class com.google.common.cache.LocalCache$EntryFactory$5                               : loaded 2 times (x 83B)
Class kotlin.jvm.internal.ByteCompanionObject                                         : loaded 2 times (x 71B)
Class kotlin.jvm.internal.MutablePropertyReference2                                   : loaded 2 times (x 137B)
Class kotlin.reflect.jvm.internal.ReflectProperties$Val                               : loaded 2 times (x 74B)
Class org.gradle.api.internal.classpath.ManifestUtil                                  : loaded 2 times (x 71B)
Class com.google.common.collect.ImmutableList$1                                       : loaded 2 times (x 97B)
Class org.apache.commons.io.output.AppendableWriter                                   : loaded 2 times (x 100B)
Class com.google.common.cache.LocalCache$EntryFactory$6                               : loaded 2 times (x 83B)
Class org.gradle.internal.installation.CurrentGradleInstallationLocator               : loaded 2 times (x 71B)
Class com.google.common.util.concurrent.ExecutionError                                : loaded 2 times (x 82B)
Class kotlinx.coroutines.internal.OpDescriptor                                        : loaded 2 times (x 73B)
Class kotlinx.coroutines.Empty                                                        : loaded 2 times (x 75B)
Class org.jetbrains.kotlin.cli.common.messages.CompilerMessageSeverity$Companion      : loaded 2 times (x 71B)
Class kotlin.coroutines.jvm.internal.SpillingKt                                       : loaded 2 times (x 71B)
Class com.google.common.io.ByteSource$SlicedByteSource                                : loaded 2 times (x 85B)
Class org.apache.commons.io.output.ThresholdingOutputStream                           : loaded 2 times (x 95B)
Class com.google.common.collect.Maps$KeySet                                           : loaded 2 times (x 137B)
Class com.google.common.collect.ImmutableSet$EmptySetBuilderImpl                      : loaded 2 times (x 76B)
Class com.google.common.cache.LocalCache$EntryFactory$7                               : loaded 2 times (x 83B)
Class com.google.common.collect.ImmutableList                                         : loaded 2 times (x 206B)
Class org.gradle.internal.service.DefaultServiceLocator                               : loaded 2 times (x 83B)
Class jdk.internal.jrtfs.JrtDirectoryStream                                           : loaded 2 times (x 89B)
Class kotlin.properties.ObservableProperty                                            : loaded 2 times (x 83B)
Class com.google.common.collect.ImmutableEnumSet                                      : loaded 2 times (x 146B)
Class com.google.common.collect.AbstractMapBasedMultimap$WrappedCollection            : loaded 2 times (x 124B)
Class org.gradle.internal.classloader.ClassLoaderHierarchy                            : loaded 2 times (x 70B)
Class com.google.common.base.CharMatcher$IsEither                                     : loaded 2 times (x 111B)
Class org.jetbrains.kotlin.util.capitalizeDecapitalize.CapitalizeDecapitalizeKt       : loaded 2 times (x 71B)
Class com.google.common.collect.Maps$EntrySet                                         : loaded 2 times (x 136B)
Class com.google.common.cache.LocalCache$EntryFactory$8                               : loaded 2 times (x 83B)
Class com.google.common.collect.ImmutableSet$SetBuilderImpl                           : loaded 2 times (x 76B)
Class org.gradle.internal.installation.CurrentGradleInstallation                      : loaded 2 times (x 73B)
Class [Lcom.google.common.base.AbstractIterator$State;                                : loaded 2 times (x 69B)
Class com.google.common.io.FileWriteMode                                              : loaded 2 times (x 79B)
Class kotlinx.coroutines.scheduling.Task                                              : loaded 2 times (x 76B)
Class kotlin.jvm.internal.MutablePropertyReference0                                   : loaded 2 times (x 137B)
Class kotlinx.coroutines.BlockingCoroutine                                            : loaded 2 times (x 143B)
Class kotlin.reflect.jvm.internal.impl.builtins.CompanionObjectMapping                : loaded 2 times (x 71B)
Class kotlinx.coroutines.BuildersKt                                                   : loaded 2 times (x 71B)
Class com.google.common.cache.CacheLoader$1                                           : loaded 2 times (x 75B)
Class com.google.common.collect.ImmutableList$SubList                                 : loaded 2 times (x 209B)
Class org.gradle.util.internal.GUtil                                                  : loaded 2 times (x 71B)
Class kotlinx.coroutines.internal.LockFreeTaskQueue                                   : loaded 2 times (x 72B)
Class kotlinx.coroutines.scheduling.DefaultScheduler                                  : loaded 2 times (x 108B)
Class kotlinx.coroutines.Dispatchers                                                  : loaded 2 times (x 71B)
Class kotlinx.coroutines.CoroutineContextKt$hasCopyableElements$1                     : loaded 2 times (x 78B)
Class kotlinx.coroutines.internal.ThreadContextKt                                     : loaded 2 times (x 71B)
Class kotlin.text.LinesIterator                                                       : loaded 2 times (x 79B)
Class com.google.common.io.ByteSource                                                 : loaded 2 times (x 84B)
Class com.google.common.cache.AbstractCache$StatsCounter                              : loaded 2 times (x 70B)
Class org.gradle.internal.classloader.FilteringClassLoader                            : loaded 2 times (x 105B)
Class com.google.common.collect.RegularImmutableMap$KeySet                            : loaded 2 times (x 152B)
Class com.google.common.base.Equivalence$Identity                                     : loaded 2 times (x 82B)
Class kotlinx.coroutines.intrinsics.CancellableKt                                     : loaded 2 times (x 71B)
Class com.google.common.base.PairwiseEquivalence                                      : loaded 2 times (x 83B)
Class kotlin.reflect.jvm.internal.RuntimeTypeMapper                                   : loaded 2 times (x 71B)
Class org.jetbrains.kotlin.com.intellij.openapi.diagnostic.ExceptionWithAttachments   : loaded 2 times (x 70B)
Class com.google.common.reflect.Types$TypeVariableImpl                                : loaded 2 times (x 72B)
Class com.google.common.collect.Iterators$MergingIterator                             : loaded 2 times (x 81B)
Class com.google.common.collect.RegularImmutableSet                                   : loaded 2 times (x 149B)
Class org.gradle.internal.installation.GradleInstallation                             : loaded 2 times (x 75B)
Class kotlinx.coroutines.internal.ResizableAtomicArray                                : loaded 2 times (x 72B)
Class kotlin.collections.ReversedList                                                 : loaded 2 times (x 207B)
Class com.google.common.base.Splitter$Strategy                                        : loaded 2 times (x 70B)
Class com.google.common.collect.Iterables                                             : loaded 2 times (x 71B)
Class ijKotlinCoroutineJvmDebugInit1_6qqv2l2kcy5bwn5egbc0qbuht$_run_closure1          : loaded 2 times (x 139B)
Class kotlin.collections.ReversedList$listIterator$1                                  : loaded 2 times (x 94B)
Class kotlin.text.MatcherMatchResult                                                  : loaded 2 times (x 80B)
Class kotlinx.coroutines.JobSupportKt                                                 : loaded 2 times (x 71B)
Class kotlinx.coroutines.ExecutorCoroutineDispatcher$Key                              : loaded 2 times (x 72B)
Class kotlin.text.MatchGroupCollection                                                : loaded 2 times (x 70B)
Class org.jetbrains.kotlin.com.intellij.openapi.diagnostic.DefaultLogger              : loaded 2 times (x 100B)
Class kotlinx.coroutines.ChildJob                                                     : loaded 2 times (x 70B)

---------------  S Y S T E M  ---------------

OS:
 Windows 11 , 64 bit Build 26100 (10.0.26100.9444)
OS uptime: 0 days 2:03 hours
Hyper-V role detected

CPU: total 16 (initial active 16) (8 cores per cpu, 2 threads per core) family 6 model 186 stepping 2 microcode 0x5105, cx8, cmov, fxsr, ht, mmx, 3dnowpref, sse, sse2, sse3, ssse3, sse4.1, sse4.2, popcnt, lzcnt, tsc, tscinvbit, avx, avx2, aes, erms, clmul, bmi1, bmi2, adx, sha, fma, vzeroupper, clflush, clflushopt, clwb, hv, serialize, rdtscp, rdpid, fsrm, f16c, cet_ibt, cet_ss
Processor Information for processor 0
  Max Mhz: 2400, Current Mhz: 2400, Mhz Limit: 2400
Processor Information for processor 1
  Max Mhz: 2400, Current Mhz: 1520, Mhz Limit: 2400
Processor Information for processor 2
  Max Mhz: 2400, Current Mhz: 2400, Mhz Limit: 2400
Processor Information for processor 3
  Max Mhz: 2400, Current Mhz: 2400, Mhz Limit: 2400
Processor Information for processor 4
  Max Mhz: 2400, Current Mhz: 2400, Mhz Limit: 2400
Processor Information for processor 5
  Max Mhz: 2400, Current Mhz: 1520, Mhz Limit: 2400
Processor Information for processor 6
  Max Mhz: 2400, Current Mhz: 2400, Mhz Limit: 2400
Processor Information for processor 7
  Max Mhz: 2400, Current Mhz: 1520, Mhz Limit: 2400
Processor Information for processor 8
  Max Mhz: 2400, Current Mhz: 1520, Mhz Limit: 2400
Processor Information for processor 9
  Max Mhz: 2400, Current Mhz: 2400, Mhz Limit: 2400
Processor Information for processor 10
  Max Mhz: 2400, Current Mhz: 2400, Mhz Limit: 2400
Processor Information for processor 11
  Max Mhz: 2400, Current Mhz: 2400, Mhz Limit: 2400
Processor Information for processor 12
  Max Mhz: 2400, Current Mhz: 1466, Mhz Limit: 2400
Processor Information for processor 13
  Max Mhz: 2400, Current Mhz: 2400, Mhz Limit: 2400
Processor Information for processor 14
  Max Mhz: 2400, Current Mhz: 1466, Mhz Limit: 2400
Processor Information for processor 15
  Max Mhz: 2400, Current Mhz: 2400, Mhz Limit: 2400

Memory: 4k page, system-wide physical 16087M (706M free)
TotalPageFile size 24279M (AvailPageFile size 173M)
current process WorkingSet (physical memory assigned to process): 1304M, peak: 1304M
current process commit charge ("private bytes"): 1421M, peak: 1423M

vm_info: OpenJDK 64-Bit Server VM (21.0.9+-14787801-b1163.94) for windows-amd64 JRE (21.0.9+-14787801-b1163.94), built on 2026-01-27T21:15:44Z by "builder" with MS VC++ 16.10 / 16.11 (VS2019)

END.
